Identifier Value,Field,Value
#Equity,,
HD,LAST_PRICE,35.625
ARG,LAST_PRICE,68.5
IPG,LAST_PRICE,12.1
RSG,LAST_PRICE,29.53
M,LAST_PRICE,29.19
LEG,LAST_PRICE,22.6
TMO,LAST_PRICE,60.03
GCI,LAST_PRICE,13.11
AIZ,LAST_PRICE,34.89
MOT,LAST_PRICE,44.32
ETFC,LAST_PRICE,15.495
GPC,LAST_PRICE,53.33
NWL,LAST_PRICE,14.68
ED,LAST_PRICE,53.18
LUK,LAST_PRICE,33.02
YHOO,LAST_PRICE,13.585
SHLD,LAST_PRICE,70.81
AET,LAST_PRICE,41.72
DNB,LAST_PRICE,72.76
ANF,LAST_PRICE,73.6
COH,LAST_PRICE,64.05
LUV,LAST_PRICE,9.94
LLTC,LAST_PRICE,30.1
YUM,LAST_PRICE,52.4
NEE,LAST_PRICE,56.65
S,LAST_PRICE,5.16
MCO,LAST_PRICE,35.45
KO,LAST_PRICE,68.69
FO,LAST_PRICE,61.06
ADBE,LAST_PRICE,28.5
LTD,LAST_PRICE,37.48
BDX,LAST_PRICE,83.49
SIAL,LAST_PRICE,68.16
HBAN,LAST_PRICE,5.995
AMD,LAST_PRICE,7.51
DE,LAST_PRICE,79.42
EQT,LAST_PRICE,61.21
HPQ,LAST_PRICE,36.8
L,LAST_PRICE,40.12
KEY,LAST_PRICE,8.1
CPB,LAST_PRICE,33.24
NBL,LAST_PRICE,95.33
HAR,LAST_PRICE,42.9
TXT,LAST_PRICE,23.49
GWW,LAST_PRICE,148.76
BF/B,LAST_PRICE,74.11
BAX,LAST_PRICE,59.23
OKE,LAST_PRICE,73.84
PKI,LAST_PRICE,24.91
SRE,LAST_PRICE,51.44
ABC,LAST_PRICE,39.01
WFR,LAST_PRICE,7.57
RF,LAST_PRICE,6.13
MAT,LAST_PRICE,26.72
PBI,LAST_PRICE,21.78
SYY,LAST_PRICE,30.81
MHS,LAST_PRICE,63.12
DO,LAST_PRICE,69.22
IFF,LAST_PRICE,61.17
RRC,LAST_PRICE,64.3
FIS,LAST_PRICE,29.99
MMM,LAST_PRICE,88.08
APA,LAST_PRICE,124.52
LH,LAST_PRICE,90.16
NRG,LAST_PRICE,25.12
CBG,LAST_PRICE,22.92
DPS,LAST_PRICE,38.63
WY,LAST_PRICE,20.1
DD,LAST_PRICE,52.28
ALL,LAST_PRICE,27.63
NDAQ,LAST_PRICE,23.5
MU,LAST_PRICE,7.43
WM,LAST_PRICE,35.51
AIV,LAST_PRICE,26.8
BMS,LAST_PRICE,32.14
PSA,LAST_PRICE,119.19
MMC,LAST_PRICE,29.56
OI,LAST_PRICE,25.86
PLD,LAST_PRICE,34.25
HRB,LAST_PRICE,15.03
VZ,LAST_PRICE,36.21
XRAY,LAST_PRICE,37.43
RTN,LAST_PRICE,44.98
CSX,LAST_PRICE,24.68
XRX,LAST_PRICE,9.58
JNJ,LAST_PRICE,65.23
FTR,LAST_PRICE,7.51
AIG,LAST_PRICE,29.1
AEE,LAST_PRICE,29.77
GR,LAST_PRICE,94.38
TWX,LAST_PRICE,36.25
CLX,LAST_PRICE,73.63
FAST,LAST_PRICE,33.27
APC,LAST_PRICE,82.39
FMC,LAST_PRICE,88.63
CFN,LAST_PRICE,26.69
STT,LAST_PRICE,41.61
CRM,LAST_PRICE,145.39
ATI,LAST_PRICE,60.73
PBCT,LAST_PRICE,13.01
AZO,LAST_PRICE,289.15
FTI,LAST_PRICE,44.61
MTB,LAST_PRICE,87.14
RDC,LAST_PRICE,38.69
FII,LAST_PRICE,21.29
EOG,LAST_PRICE,104.07
KLAC,LAST_PRICE,41.77
KG,LAST_PRICE,14.24
LEN,LAST_PRICE,17.46
GLW,LAST_PRICE,16.04
SYMC,LAST_PRICE,18.415
LLL,LAST_PRICE,79.12
VIA/B,LAST_PRICE,49.29
COG,LAST_PRICE,70.96
STI,LAST_PRICE,24.65
HAS,LAST_PRICE,39.89
AVP,LAST_PRICE,27.74
MDT,LAST_PRICE,35.88
WPI,LAST_PRICE,68.41
MYL,LAST_PRICE,22.9
ADM,LAST_PRICE,31.01
USB,LAST_PRICE,26.22
FDO,LAST_PRICE,53.33
GAS,LAST_PRICE,55.08
CNP,LAST_PRICE,20.05
PCS,LAST_PRICE,16.45
JCI,LAST_PRICE,37.2
ROK,LAST_PRICE,77.07
CI,LAST_PRICE,50.01
BHI,LAST_PRICE,78.12
FITB,LAST_PRICE,12.7
TRV,LAST_PRICE,56.27
OXY,LAST_PRICE,101.4
FLIR,LAST_PRICE,27.68
CEG,LAST_PRICE,39.59
LM,LAST_PRICE,30.54
ADI,LAST_PRICE,34.85
EQR,LAST_PRICE,62.49
CAG,LAST_PRICE,25.78
MCK,LAST_PRICE,80.55
SPG,LAST_PRICE,119.21
APH,LAST_PRICE,49.18
CMA,LAST_PRICE,32.67
SNDK,LAST_PRICE,42
ISRG,LAST_PRICE,393.58
DHI,LAST_PRICE,11.6
WMT,LAST_PRICE,53.25
WPO,LAST_PRICE,419.82
ORLY,LAST_PRICE,61.45
TDC,LAST_PRICE,55.01
PX,LAST_PRICE,101.69
BMY,LAST_PRICE,28.61
DELL,LAST_PRICE,16.445
FDX,LAST_PRICE,89.14
LMT,LAST_PRICE,77.46
AA,LAST_PRICE,14.93
SLM,LAST_PRICE,15.57
KMX,LAST_PRICE,32.68
TSS,LAST_PRICE,19.13
CAH,LAST_PRICE,43.69
AMT,LAST_PRICE,51.22
PHM,LAST_PRICE,7
DTV,LAST_PRICE,51.44
BBY,LAST_PRICE,28.78
ABT,LAST_PRICE,51.83
BSX,LAST_PRICE,6.71
DGX,LAST_PRICE,54.42
VMC,LAST_PRICE,34.45
SBUX,LAST_PRICE,38.97
WU,LAST_PRICE,19.56
QEP,LAST_PRICE,43
MON,LAST_PRICE,73.9
NSM,LAST_PRICE,24.7
UTX,LAST_PRICE,83.74
XOM,LAST_PRICE,83.31
NEM,LAST_PRICE,57.32
AMZN,LAST_PRICE,222.518
GS,LAST_PRICE,134.72
TER,LAST_PRICE,13.76
PPG,LAST_PRICE,85
BRK/B,LAST_PRICE,74.69
FSLR,LAST_PRICE,116.6
OMC,LAST_PRICE,47.01
PM,LAST_PRICE,71.77
TE,LAST_PRICE,18.81
EXPD,LAST_PRICE,47.6
SWY,LAST_PRICE,20.33
WLP,LAST_PRICE,68.7
MFE,LAST_PRICE,47.95
RRD,LAST_PRICE,19.11
MET,LAST_PRICE,39.59
NYT,LAST_PRICE,8.66
AMAT,LAST_PRICE,12.64
UNM,LAST_PRICE,24.36
SAI,LAST_PRICE,16.23
CBS,LAST_PRICE,28.08
POM,LAST_PRICE,19.05
SRCL,LAST_PRICE,89.46
GE,LAST_PRICE,18.11
EIX,LAST_PRICE,38.85
VFC,LAST_PRICE,115.03
FRX,LAST_PRICE,37.37
WEC,LAST_PRICE,31.27
TSN,LAST_PRICE,17.61
SLB,LAST_PRICE,91.68
JEC,LAST_PRICE,39.84
STJ,LAST_PRICE,47.03
VLO,LAST_PRICE,25.44
PCAR,LAST_PRICE,43.85
HOT,LAST_PRICE,55.71
MKC,LAST_PRICE,49.04
SEE,LAST_PRICE,21.8
PEP,LAST_PRICE,63.86
DVN,LAST_PRICE,81.61
RSH,LAST_PRICE,14.46
CERN,LAST_PRICE,61.85
PEG,LAST_PRICE,33.24
MA,LAST_PRICE,303.09
CEPH,LAST_PRICE,80.16
HAL,LAST_PRICE,55.01
NYX,LAST_PRICE,34.24
ADSK,LAST_PRICE,34.9
KFT,LAST_PRICE,34.53
HCP,LAST_PRICE,36.61
IGT,LAST_PRICE,18.8
UPS,LAST_PRICE,70.21
RHT,LAST_PRICE,42.6
SWK,LAST_PRICE,65.28
PWR,LAST_PRICE,18.91
MCHP,LAST_PRICE,33.54
LNC,LAST_PRICE,26.49
AVB,LAST_PRICE,134.36
CF,LAST_PRICE,155.87
HUM,LAST_PRICE,74.77
CMI,LAST_PRICE,106.49
ADP,LAST_PRICE,52.38
EMN,LAST_PRICE,101.32
FLR,LAST_PRICE,64.39
HOG,LAST_PRICE,43.93
MHP,LAST_PRICE,43.07
D,LAST_PRICE,49.05
LSI,LAST_PRICE,6.44
JNS,LAST_PRICE,8.38
HNZ,LAST_PRICE,52.76
HRL,LAST_PRICE,29.3
DISCA,LAST_PRICE,39.92
HST,LAST_PRICE,16.15
HCBK,LAST_PRICE,8.2
BLL,LAST_PRICE,39.28
JBL,LAST_PRICE,18.95
WDC,LAST_PRICE,35.51
TMK,LAST_PRICE,40.19
BIIB,LAST_PRICE,101.81
BK,LAST_PRICE,25.1
NWSA,LAST_PRICE,16
CSC,LAST_PRICE,35.51
DOW,LAST_PRICE,34.99
HSY,LAST_PRICE,57.44
MO,LAST_PRICE,26.11
PCG,LAST_PRICE,42.12
KSS,LAST_PRICE,55
BBBY,LAST_PRICE,57.84
SHW,LAST_PRICE,77.64
AEP,LAST_PRICE,37.69
RHI,LAST_PRICE,27.17
VTR,LAST_PRICE,54.31
PCP,LAST_PRICE,156.05
CNX,LAST_PRICE,52.91
NKE,LAST_PRICE,88.72
ICE,LAST_PRICE,123.08
PXD,LAST_PRICE,94.86
NOC,LAST_PRICE,62.68
V,LAST_PRICE,87.75
TAP,LAST_PRICE,45.44
XEL,LAST_PRICE,24.49
IRM,LAST_PRICE,33.46
PNW,LAST_PRICE,43.24
AMGN,LAST_PRICE,53.8
FE,LAST_PRICE,45.13
CTXS,LAST_PRICE,70.94
PPL,LAST_PRICE,28.63
Q,LAST_PRICE,6.83
AKAM,LAST_PRICE,29.48
EXPE,LAST_PRICE,29.76
AFL,LAST_PRICE,44.15
R,LAST_PRICE,57.88
WAT,LAST_PRICE,86.65
EBAY,LAST_PRICE,33.36
NOVL,LAST_PRICE,6.099
TEG,LAST_PRICE,50.95
SWN,LAST_PRICE,47.48
COP,LAST_PRICE,73.13
MAS,LAST_PRICE,10.92
AVY,LAST_PRICE,31.65
GNW,LAST_PRICE,7.95
WFC,LAST_PRICE,28.58
LOW,LAST_PRICE,22.46
NVLS,LAST_PRICE,31.52
WIN,LAST_PRICE,12.39
PRU,LAST_PRICE,58.3
AN,LAST_PRICE,38.96
DF,LAST_PRICE,11.36
TWC,LAST_PRICE,77.1
BTU,LAST_PRICE,58.54
CAT,LAST_PRICE,101.34
SYK,LAST_PRICE,54.48
BEN,LAST_PRICE,126.93
AKS,LAST_PRICE,12.42
AON,LAST_PRICE,49.93
GOOG,LAST_PRICE,607.22
VNO,LAST_PRICE,93.84
BXP,LAST_PRICE,106.99
HSP,LAST_PRICE,52.4
MS,LAST_PRICE,22.54
ERTS,LAST_PRICE,22.97
TXN,LAST_PRICE,30.39
GENZ,LAST_PRICE,76.25
CTAS,LAST_PRICE,32.65
CLF,LAST_PRICE,93.59
IP,LAST_PRICE,29.87
COL,LAST_PRICE,55.04
JPM,LAST_PRICE,40.67
MUR,LAST_PRICE,66.92
LIFE,LAST_PRICE,48.41
COST,LAST_PRICE,78.39
A,LAST_PRICE,42.46
CVH,LAST_PRICE,34.35
F,LAST_PRICE,12.37
AES,LAST_PRICE,12.71
ITT,LAST_PRICE,54.94
MI,LAST_PRICE,7.9
CVS,LAST_PRICE,36.06
CPWR,LAST_PRICE,9.85
LXK,LAST_PRICE,33.73
JWN,LAST_PRICE,49.23
TJX,LAST_PRICE,54.85
WHR,LAST_PRICE,71.38
SNA,LAST_PRICE,57.39
MWW,LAST_PRICE,13.14
CCE,LAST_PRICE,29.33
CTL,LAST_PRICE,37.62
NTRS,LAST_PRICE,44.86
CL,LAST_PRICE,85.49
MEE,LAST_PRICE,65.14
NSC,LAST_PRICE,76.12
GME,LAST_PRICE,23.5
DTE,LAST_PRICE,50.71
MWV,LAST_PRICE,32.03
ECL,LAST_PRICE,50.15
CVX,LAST_PRICE,105.63
THC,LAST_PRICE,5.68
CINF,LAST_PRICE,27.74
MDP,LAST_PRICE,29.13
SPLS,LAST_PRICE,15.955
ESRX,LAST_PRICE,54.5
MCD,LAST_PRICE,87.09
RL,LAST_PRICE,133.03
CME,LAST_PRICE,278.51
DRI,LAST_PRICE,51.26
ITW,LAST_PRICE,50.72
ALTR,LAST_PRICE,40.33
SCG,LAST_PRICE,39.83
DHR,LAST_PRICE,49.23
ETN,LAST_PRICE,49.3
NUE,LAST_PRICE,39
UNP,LAST_PRICE,102.2
PGN,LAST_PRICE,47.26
HRS,LAST_PRICE,41.28
MOLX,LAST_PRICE,24.12
PH,LAST_PRICE,79.93
SE,LAST_PRICE,27.16
HCN,LAST_PRICE,52.91
PFE,LAST_PRICE,19.3
WMB,LAST_PRICE,32.1
SJM,LAST_PRICE,78.65
AGN,LAST_PRICE,80.91
LO,LAST_PRICE,104.78
BCR,LAST_PRICE,99.06
COF,LAST_PRICE,47.61
NTAP,LAST_PRICE,47.28
XLNX,LAST_PRICE,32.27
PNC,LAST_PRICE,54.5
PTV,LAST_PRICE,33.23
MJN,LAST_PRICE,67.48
TSO,LAST_PRICE,24.42
CB,LAST_PRICE,63.69
KR,LAST_PRICE,24.98
JCP,LAST_PRICE,30.93
WYN,LAST_PRICE,34.73
CHK,LAST_PRICE,33.4
CMCSA,LAST_PRICE,24.66
GPS,LAST_PRICE,18.96
LLY,LAST_PRICE,37.98
NI,LAST_PRICE,20.36
QLGC,LAST_PRICE,15.89
UNH,LAST_PRICE,49.89
PFG,LAST_PRICE,27.43
EK,LAST_PRICE,2.42
NU,LAST_PRICE,34.85
SVU,LAST_PRICE,8.74
NOV,LAST_PRICE,80
CA,LAST_PRICE,22.22
PDCO,LAST_PRICE,30.84
FISV,LAST_PRICE,61.45
FLS,LAST_PRICE,103.05
KIM,LAST_PRICE,19.25
EP,LAST_PRICE,20.92
HIG,LAST_PRICE,23.08
APD,LAST_PRICE,89.88
DOV,LAST_PRICE,61.65
KMB,LAST_PRICE,66.2
SLE,LAST_PRICE,19.42
SUN,LAST_PRICE,40.87
ZION,LAST_PRICE,22.16
RAI,LAST_PRICE,35.13
EMC,LAST_PRICE,26.6
SCHW,LAST_PRICE,14.92
VRSN,LAST_PRICE,32.71
VAR,LAST_PRICE,67.12
WFMI,LAST_PRICE,65.43
DV,LAST_PRICE,64.2
ROP,LAST_PRICE,83.23
CHRW,LAST_PRICE,73.88
INTC,LAST_PRICE,22.53
EL,LAST_PRICE,104.65
HON,LAST_PRICE,53.46
GILD,LAST_PRICE,42.97
AYE,LAST_PRICE,24.8696
EMR,LAST_PRICE,50.43
HES,LAST_PRICE,70.28
ZMH,LAST_PRICE,60.84
WYNN,LAST_PRICE,159.17
PGR,LAST_PRICE,19.84
PCLN,LAST_PRICE,517.21
BRCM,LAST_PRICE,37.04
ROST,LAST_PRICE,75.34
AMP,LAST_PRICE,51.57
FHN,LAST_PRICE,9.06
WAG,LAST_PRICE,38.96
PG,LAST_PRICE,62.2
STZ,LAST_PRICE,20.51
URBN,LAST_PRICE,32.16
APOL,LAST_PRICE,52.52
QCOM,LAST_PRICE,54.59
BA,LAST_PRICE,70.63
JNPR,LAST_PRICE,24.66
CMS,LAST_PRICE,19.61
GT,LAST_PRICE,17.17
TIF,LAST_PRICE,79.05
AXP,LAST_PRICE,50.48
SO,LAST_PRICE,40.2
CAM,LAST_PRICE,50.56
PCL,LAST_PRICE,38.5
DVA,LAST_PRICE,82.65
IBM,LAST_PRICE,181.35
EFX,LAST_PRICE,33.15
SNI,LAST_PRICE,47.35
DIS,LAST_PRICE,39.52
TLAB,LAST_PRICE,4.23
DNR,LAST_PRICE,19.8
ETR,LAST_PRICE,68.14
CELG,LAST_PRICE,59.48
TGT,LAST_PRICE,50.35
PLL,LAST_PRICE,51.9
MRK,LAST_PRICE,35.19
INTU,LAST_PRICE,47.25
HP,LAST_PRICE,70.39
DUK,LAST_PRICE,18.76
MAR,LAST_PRICE,33.38
CCL,LAST_PRICE,34.97
TIE,LAST_PRICE,18.14
DFS,LAST_PRICE,25.51
ODP,LAST_PRICE,3.82
BMC,LAST_PRICE,48.89
CSCO,LAST_PRICE,15.69
C,LAST_PRICE,38.27
FNMA,LAST_PRICE,0.331
T,LAST_PRICE,29.96
BAC,LAST_PRICE,9.68
ABB,LAST_PRICE,24.13
CTSH,LAST_PRICE,69.88
GD,LAST_PRICE,68.63
MRO,LAST_PRICE,31.5
BIG,LAST_PRICE,35.31
TROW,LAST_PRICE,55.97
ORCL,LAST_PRICE,30.71
FCX,LAST_PRICE,54.45
X,LAST_PRICE,39.81
MSFT,LAST_PRICE,27.33
NOK,LAST_PRICE,5.73
JDSU,LAST_PRICE,13.78
NVDA,LAST_PRICE,13.855
GIS,LAST_PRICE,37.52
K,LAST_PRICE,55.55
RIMM,LAST_PRICE,25.71
AAPL,LAST_PRICE,392.59
TIBX,LAST_PRICE,27.19
BBT,LAST_PRICE,25.67
PAYX,LAST_PRICE,28.79
UNIS,LAST_PRICE,4.4
EXC,LAST_PRICE,44.59
ACFC,LAST_PRICE,6
DJX_IDX,LAST_PRICE,132.12
H2SBZ1GR_FUTURE,LAST_PRICE,392.59
SPZ2_FUTURE,LAST_PRICE,1302.67
#Cash,,
USDCASHP1D,LAST_PRICE,0.0025
USDCASHP2D,LAST_PRICE,0.0025
USDCASHP1M,LAST_PRICE,0.0035
USDCASHP2M,LAST_PRICE,0.0044
USDCASHP3M,LAST_PRICE,0.0055
USDCASHP4M,LAST_PRICE,0.0064
USDCASHP5M,LAST_PRICE,0.0073
USDCASHP6M,LAST_PRICE,0.0082
USDCASHP7M,LAST_PRICE,0.0091
USDCASHP8M,LAST_PRICE,0.0105
USDCASHP9M,LAST_PRICE,0.0119
USDCASHP10M,LAST_PRICE,0.0138
USDCASHP11M,LAST_PRICE,0.0151
USDCASHP12M,LAST_PRICE,0.0167
EURCASHP1D,LAST_PRICE,0.0025
EURCASHP2D,LAST_PRICE,0.0025
EURCASHP1M,LAST_PRICE,0.0035
EURCASHP2M,LAST_PRICE,0.0044
EURCASHP3M,LAST_PRICE,0.0055
EURCASHP4M,LAST_PRICE,0.0064
EURCASHP5M,LAST_PRICE,0.0073
EURCASHP6M,LAST_PRICE,0.0082
EURCASHP7M,LAST_PRICE,0.0091
EURCASHP8M,LAST_PRICE,0.0105
EURCASHP9M,LAST_PRICE,0.0119
EURCASHP10M,LAST_PRICE,0.0138
EURCASHP11M,LAST_PRICE,0.0151
EURCASHP12M,LAST_PRICE,0.0167
GBPCASHP1D,LAST_PRICE,0.0025
GBPCASHP2D,LAST_PRICE,0.0025
GBPCASHP1M,LAST_PRICE,0.0035
GBPCASHP2M,LAST_PRICE,0.0044
GBPCASHP3M,LAST_PRICE,0.0055
GBPCASHP4M,LAST_PRICE,0.0064
GBPCASHP5M,LAST_PRICE,0.0073
GBPCASHP6M,LAST_PRICE,0.0082
GBPCASHP7M,LAST_PRICE,0.0091
GBPCASHP8M,LAST_PRICE,0.0105
GBPCASHP9M,LAST_PRICE,0.0119
GBPCASHP10M,LAST_PRICE,0.0138
GBPCASHP11M,LAST_PRICE,0.0151
GBPCASHP12M,LAST_PRICE,0.0167
CHFCASHP1D,LAST_PRICE,0.0025
CHFCASHP2D,LAST_PRICE,0.0025
CHFCASHP1M,LAST_PRICE,0.0035
CHFCASHP2M,LAST_PRICE,0.0044
CHFCASHP3M,LAST_PRICE,0.0055
CHFCASHP4M,LAST_PRICE,0.0064
CHFCASHP5M,LAST_PRICE,0.0073
CHFCASHP6M,LAST_PRICE,0.0082
CHFCASHP7M,LAST_PRICE,0.0091
CHFCASHP8M,LAST_PRICE,0.0105
CHFCASHP9M,LAST_PRICE,0.0119
CHFCASHP10M,LAST_PRICE,0.0138
CHFCASHP11M,LAST_PRICE,0.0151
CHFCASHP12M,LAST_PRICE,0.0167
JPYCASHP1D,LAST_PRICE,0.0025
JPYCASHP2D,LAST_PRICE,0.0025
JPYCASHP1M,LAST_PRICE,0.0035
JPYCASHP2M,LAST_PRICE,0.0044
JPYCASHP3M,LAST_PRICE,0.0055
JPYCASHP4M,LAST_PRICE,0.0064
JPYCASHP5M,LAST_PRICE,0.0073
JPYCASHP6M,LAST_PRICE,0.0082
JPYCASHP7M,LAST_PRICE,0.0091
JPYCASHP8M,LAST_PRICE,0.0105
JPYCASHP9M,LAST_PRICE,0.0119
JPYCASHP10M,LAST_PRICE,0.0138
JPYCASHP11M,LAST_PRICE,0.0151
JPYCASHP12M,LAST_PRICE,0.0167
DKKCASHP1D,LAST_PRICE,0.0025
DKKCASHP1M,LAST_PRICE,0.0035
DKKCASHP2M,LAST_PRICE,0.0044
DKKCASHP3M,LAST_PRICE,0.0055
DKKCASHP4M,LAST_PRICE,0.0064
DKKCASHP5M,LAST_PRICE,0.0073
DKKCASHP6M,LAST_PRICE,0.0082
DKKCASHP7M,LAST_PRICE,0.0091
DKKCASHP8M,LAST_PRICE,0.0105
DKKCASHP9M,LAST_PRICE,0.0119
DKKCASHP10M,LAST_PRICE,0.0138
DKKCASHP11M,LAST_PRICE,0.0151
DKKCASHP12M,LAST_PRICE,0.0167
NZDCASHP1D,LAST_PRICE,0.0025
NZDCASHP1M,LAST_PRICE,0.0035
NZDCASHP2M,LAST_PRICE,0.0044
NZDCASHP3M,LAST_PRICE,0.0055
NZDCASHP4M,LAST_PRICE,0.0064
NZDCASHP5M,LAST_PRICE,0.0073
NZDCASHP6M,LAST_PRICE,0.0082
NZDCASHP7M,LAST_PRICE,0.0091
NZDCASHP8M,LAST_PRICE,0.0105
NZDCASHP9M,LAST_PRICE,0.0119
NZDCASHP10M,LAST_PRICE,0.0138
NZDCASHP11M,LAST_PRICE,0.0151
NZDCASHP12M,LAST_PRICE,0.0167
AUDCASHP1D,LAST_PRICE,0.0025
AUDCASHP2D,LAST_PRICE,0.0025
AUDCASHP1M,LAST_PRICE,0.0035
AUDCASHP2M,LAST_PRICE,0.0044
AUDCASHP3M,LAST_PRICE,0.0055
AUDCASHP4M,LAST_PRICE,0.0064
AUDCASHP5M,LAST_PRICE,0.0073
AUDCASHP6M,LAST_PRICE,0.0082
AUDCASHP7M,LAST_PRICE,0.0091
AUDCASHP8M,LAST_PRICE,0.0105
AUDCASHP9M,LAST_PRICE,0.0119
AUDCASHP10M,LAST_PRICE,0.0138
AUDCASHP11M,LAST_PRICE,0.0151
AUDCASHP12M,LAST_PRICE,0.0167
#Swap,,
USDSWAPP6M,LAST_PRICE,0.0126
USDSWAPP9M,LAST_PRICE,0.0135
USDSWAPP1Y,LAST_PRICE,0.014
USDSWAPP2Y,LAST_PRICE,0.025
USDSWAPP3Y,LAST_PRICE,0.031
USDSWAPP4Y,LAST_PRICE,0.035
USDSWAPP5Y,LAST_PRICE,0.037
USDSWAPP6Y,LAST_PRICE,0.039
USDSWAPP7Y,LAST_PRICE,0.04
USDSWAPP8Y,LAST_PRICE,0.041
USDSWAPP9Y,LAST_PRICE,0.0408
USDSWAPP10Y,LAST_PRICE,0.0406
USDSWAPP12Y,LAST_PRICE,0.0398
USDSWAPP15Y,LAST_PRICE,0.0394
USDSWAPP20Y,LAST_PRICE,0.0391
USDSWAPP25Y,LAST_PRICE,0.0389
USDSWAPP30Y,LAST_PRICE,0.0387
USDSWAPP40Y,LAST_PRICE,0.0384
USDSWAPP50Y,LAST_PRICE,0.0379
USDSWAPP80Y,LAST_PRICE,0.0379
EURSWAPP6M,LAST_PRICE,0.0149
EURSWAPP9M,LAST_PRICE,0.0152
EURSWAPP1Y,LAST_PRICE,0.0165
EURSWAPP2Y,LAST_PRICE,0.025
EURSWAPP3Y,LAST_PRICE,0.031
EURSWAPP4Y,LAST_PRICE,0.035
EURSWAPP5Y,LAST_PRICE,0.037
EURSWAPP6Y,LAST_PRICE,0.039
EURSWAPP7Y,LAST_PRICE,0.04
EURSWAPP8Y,LAST_PRICE,0.041
EURSWAPP9Y,LAST_PRICE,0.0408
EURSWAPP10Y,LAST_PRICE,0.0406
EURSWAPP12Y,LAST_PRICE,0.0398
EURSWAPP15Y,LAST_PRICE,0.0394
EURSWAPP20Y,LAST_PRICE,0.0391
EURSWAPP25Y,LAST_PRICE,0.0389
EURSWAPP30Y,LAST_PRICE,0.0387
EURSWAPP40Y,LAST_PRICE,0.0384
EURSWAPP50Y,LAST_PRICE,0.0379
EURSWAPP80Y,LAST_PRICE,0.0379
GBPSWAPP6M,LAST_PRICE,0.0151
GBPSWAPP9M,LAST_PRICE,0.016
GBPSWAPP1Y,LAST_PRICE,0.0167
GBPSWAPP2Y,LAST_PRICE,0.025
GBPSWAPP3Y,LAST_PRICE,0.031
GBPSWAPP4Y,LAST_PRICE,0.035
GBPSWAPP5Y,LAST_PRICE,0.037
GBPSWAPP6Y,LAST_PRICE,0.039
GBPSWAPP7Y,LAST_PRICE,0.04
GBPSWAPP8Y,LAST_PRICE,0.041
GBPSWAPP9Y,LAST_PRICE,0.0408
GBPSWAPP10Y,LAST_PRICE,0.0406
GBPSWAPP12Y,LAST_PRICE,0.0398
GBPSWAPP15Y,LAST_PRICE,0.0394
GBPSWAPP20Y,LAST_PRICE,0.0391
GBPSWAPP25Y,LAST_PRICE,0.0389
GBPSWAPP30Y,LAST_PRICE,0.0387
GBPSWAPP40Y,LAST_PRICE,0.0384
GBPSWAPP50Y,LAST_PRICE,0.0379
GBPSWAPP80Y,LAST_PRICE,0.0379
CHFSWAPP6M,LAST_PRICE,0.0151
CHFSWAPP9M,LAST_PRICE,0.016
CHFSWAPP1Y,LAST_PRICE,0.0167
CHFSWAPP2Y,LAST_PRICE,0.025
CHFSWAPP3Y,LAST_PRICE,0.031
CHFSWAPP4Y,LAST_PRICE,0.035
CHFSWAPP5Y,LAST_PRICE,0.037
CHFSWAPP6Y,LAST_PRICE,0.039
CHFSWAPP7Y,LAST_PRICE,0.04
CHFSWAPP8Y,LAST_PRICE,0.041
CHFSWAPP9Y,LAST_PRICE,0.0408
CHFSWAPP10Y,LAST_PRICE,0.0406
CHFSWAPP12Y,LAST_PRICE,0.0398
CHFSWAPP15Y,LAST_PRICE,0.0394
CHFSWAPP20Y,LAST_PRICE,0.0391
CHFSWAPP25Y,LAST_PRICE,0.0389
CHFSWAPP30Y,LAST_PRICE,0.0387
CHFSWAPP40Y,LAST_PRICE,0.0384
CHFSWAPP50Y,LAST_PRICE,0.0379
CHFSWAPP80Y,LAST_PRICE,0.0379
JPYSWAPP6M,LAST_PRICE,0.0126
JPYSWAPP9M,LAST_PRICE,0.0132
JPYSWAPP1Y,LAST_PRICE,0.014
JPYSWAPP2Y,LAST_PRICE,0.025
JPYSWAPP3Y,LAST_PRICE,0.031
JPYSWAPP4Y,LAST_PRICE,0.035
JPYSWAPP5Y,LAST_PRICE,0.037
JPYSWAPP6Y,LAST_PRICE,0.039
JPYSWAPP7Y,LAST_PRICE,0.04
JPYSWAPP8Y,LAST_PRICE,0.041
JPYSWAPP9Y,LAST_PRICE,0.0408
JPYSWAPP10Y,LAST_PRICE,0.0406
JPYSWAPP12Y,LAST_PRICE,0.0398
JPYSWAPP15Y,LAST_PRICE,0.0394
JPYSWAPP20Y,LAST_PRICE,0.0391
JPYSWAPP25Y,LAST_PRICE,0.0389
JPYSWAPP30Y,LAST_PRICE,0.0387
JPYSWAPP40Y,LAST_PRICE,0.0384
JPYSWAPP50Y,LAST_PRICE,0.0379
JPYSWAPP80Y,LAST_PRICE,0.0379
NZDSWAPP2Y,LAST_PRICE,0.025
NZDSWAPP3Y,LAST_PRICE,0.031
NZDSWAPP4Y,LAST_PRICE,0.035
NZDSWAPP5Y,LAST_PRICE,0.037
NZDSWAPP6Y,LAST_PRICE,0.039
NZDSWAPP7Y,LAST_PRICE,0.04
NZDSWAPP8Y,LAST_PRICE,0.041
NZDSWAPP9Y,LAST_PRICE,0.0408
NZDSWAPP10Y,LAST_PRICE,0.0406
NZDSWAPP12Y,LAST_PRICE,0.0398
NZDSWAPP15Y,LAST_PRICE,0.0394
NZDSWAPP20Y,LAST_PRICE,0.0391
NZDSWAPP25Y,LAST_PRICE,0.0389
NZDSWAPP30Y,LAST_PRICE,0.0387
NZDSWAPP40Y,LAST_PRICE,0.0384
NZDSWAPP50Y,LAST_PRICE,0.0379
NZDSWAPP80Y,LAST_PRICE,0.0379
DKKSWAPP2Y,LAST_PRICE,0.025
DKKSWAPP3Y,LAST_PRICE,0.031
DKKSWAPP4Y,LAST_PRICE,0.035
DKKSWAPP5Y,LAST_PRICE,0.037
DKKSWAPP6Y,LAST_PRICE,0.039
DKKSWAPP7Y,LAST_PRICE,0.04
DKKSWAPP8Y,LAST_PRICE,0.041
DKKSWAPP9Y,LAST_PRICE,0.0408
DKKSWAPP10Y,LAST_PRICE,0.0406
DKKSWAPP12Y,LAST_PRICE,0.0398
DKKSWAPP15Y,LAST_PRICE,0.0394
DKKSWAPP20Y,LAST_PRICE,0.0391
DKKSWAPP25Y,LAST_PRICE,0.0389
DKKSWAPP30Y,LAST_PRICE,0.0387
DKKSWAPP40Y,LAST_PRICE,0.0384
DKKSWAPP50Y,LAST_PRICE,0.0379
DKKSWAPP80Y,LAST_PRICE,0.0379
AUDSWAPP1Y,LAST_PRICE,0.015
AUDSWAPP2Y,LAST_PRICE,0.025
AUDSWAPP3Y,LAST_PRICE,0.031
AUDSWAPP4Y,LAST_PRICE,0.035
AUDSWAPP5Y,LAST_PRICE,0.037
AUDSWAPP6Y,LAST_PRICE,0.039
AUDSWAPP7Y,LAST_PRICE,0.04
AUDSWAPP8Y,LAST_PRICE,0.041
AUDSWAPP9Y,LAST_PRICE,0.0408
AUDSWAPP10Y,LAST_PRICE,0.0406
AUDSWAPP12Y,LAST_PRICE,0.0398
AUDSWAPP15Y,LAST_PRICE,0.0394
AUDSWAPP20Y,LAST_PRICE,0.0391
AUDSWAPP25Y,LAST_PRICE,0.0389
AUDSWAPP30Y,LAST_PRICE,0.0387
AUDSWAPP40Y,LAST_PRICE,0.0384
AUDSWAPP50Y,LAST_PRICE,0.0379
AUDSWAPP80Y,LAST_PRICE,0.0379
#Libor,,
USDLIBORP7D,LAST_PRICE,0.003
USDLIBORP14D,LAST_PRICE,0.0032
USDLIBORP1M,LAST_PRICE,0.0034
USDLIBORP2M,LAST_PRICE,0.0044
USDLIBORP3M,LAST_PRICE,0.0055
USDLIBORP6M,LAST_PRICE,0.0082
USDLIBORP12M,LAST_PRICE,0.0167
EURLIBORP7D,LAST_PRICE,0.0012
EURLIBORP14D,LAST_PRICE,0.0013
EURLIBORP1M,LAST_PRICE,0.00138
EURLIBORP2M,LAST_PRICE,0.0014
EURLIBORP3M,LAST_PRICE,0.0155
EURLIBORP6M,LAST_PRICE,0.01793
EURLIBORP12M,LAST_PRICE,0.0216
GBPLIBORP7D,LAST_PRICE,0.0013
GBPLIBORP14D,LAST_PRICE,0.002
GBPLIBORP1M,LAST_PRICE,0.00238
GBPLIBORP2M,LAST_PRICE,0.005
GBPLIBORP3M,LAST_PRICE,0.00834
GBPLIBORP6M,LAST_PRICE,0.0119
GBPLIBORP12M,LAST_PRICE,0.01593
CHFLIBORP7D,LAST_PRICE,0.0011
CHFLIBORP14D,LAST_PRICE,0.0012
CHFLIBORP1M,LAST_PRICE,0.0013
CHFLIBORP2M,LAST_PRICE,0.00135
CHFLIBORP3M,LAST_PRICE,0.00138
CHFLIBORP6M,LAST_PRICE,0.0024
CHFLIBORP12M,LAST_PRICE,0.005
JPYLIBORP7D,LAST_PRICE,0.0012
JPYLIBORP14D,LAST_PRICE,0.0013
JPYLIBORP1M,LAST_PRICE,0.00138
JPYLIBORP2M,LAST_PRICE,0.0017
JPYLIBORP3M,LAST_PRICE,0.00195
JPYLIBORP6M,LAST_PRICE,0.0034
JPYLIBORP12M,LAST_PRICE,0.00559
NZDLIBORP3M,LAST_PRICE,2.878
NZDLIBORP6M,LAST_PRICE,3.124
NZDLIBORP12M,LAST_PRICE,3.542
DKKLIBORP3M,LAST_PRICE,1.006
DKKLIBORP6M,LAST_PRICE,1.262
DKKLIBORP12M,LAST_PRICE,1.511
AUDLIBORP7D,LAST_PRICE,0.003
AUDLIBORP14D,LAST_PRICE,0.0032
AUDLIBORP1M,LAST_PRICE,0.0034
AUDLIBORP2M,LAST_PRICE,0.0044
AUDLIBORP3M,LAST_PRICE,0.0055
AUDLIBORP6M,LAST_PRICE,0.0082
AUDLIBORP12M,LAST_PRICE,0.0167
#Euribor,,
EUREURIBORP7D,LAST_PRICE,0.0012
EUREURIBORP14D,LAST_PRICE,0.0013
EUREURIBORP1M,LAST_PRICE,0.00138
EUREURIBORP2M,LAST_PRICE,0.0014
EUREURIBORP3M,LAST_PRICE,0.0155
EUREURIBORP6M,LAST_PRICE,0.01793
EUREURIBORP12M,LAST_PRICE,0.0216
#OIS,,
USDOIS_SWAPP1M,LAST_PRICE,0.0027
USDOIS_SWAPP2M,LAST_PRICE,0.0027
USDOIS_SWAPP3M,LAST_PRICE,0.0026
USDOIS_SWAPP4M,LAST_PRICE,0.0027
USDOIS_SWAPP5M,LAST_PRICE,0.003
USDOIS_SWAPP6M,LAST_PRICE,0.003
USDOIS_SWAPP9M,LAST_PRICE,0.0031
USDOIS_SWAPP1Y,LAST_PRICE,0.0032
USDOIS_SWAPP2Y,LAST_PRICE,0.0035
USDOIS_SWAPP3Y,LAST_PRICE,0.0045
USDOIS_SWAPP4Y,LAST_PRICE,0.0075
USDOIS_SWAPP5Y,LAST_PRICE,0.01
USDOIS_SWAPP10Y,LAST_PRICE,0.015
EUROIS_SWAPP1M,LAST_PRICE,0.0027
EUROIS_SWAPP2M,LAST_PRICE,0.0027
EUROIS_SWAPP3M,LAST_PRICE,0.0026
EUROIS_SWAPP4M,LAST_PRICE,0.0027
EUROIS_SWAPP5M,LAST_PRICE,0.003
EUROIS_SWAPP6M,LAST_PRICE,0.003
EUROIS_SWAPP9M,LAST_PRICE,0.0031
EUROIS_SWAPP1Y,LAST_PRICE,0.0032
EUROIS_SWAPP2Y,LAST_PRICE,0.0035
EUROIS_SWAPP3Y,LAST_PRICE,0.0045
EUROIS_SWAPP4Y,LAST_PRICE,0.0075
EUROIS_SWAPP5Y,LAST_PRICE,0.01
EUROIS_SWAPP10Y,LAST_PRICE,0.015
CHFOIS_SWAPP1M,LAST_PRICE,0.0027
CHFOIS_SWAPP2M,LAST_PRICE,0.0027
CHFOIS_SWAPP3M,LAST_PRICE,0.0026
CHFOIS_SWAPP4M,LAST_PRICE,0.0027
CHFOIS_SWAPP5M,LAST_PRICE,0.003
CHFOIS_SWAPP6M,LAST_PRICE,0.003
CHFOIS_SWAPP9M,LAST_PRICE,0.0031
CHFOIS_SWAPP1Y,LAST_PRICE,0.0032
CHFOIS_SWAPP2Y,LAST_PRICE,0.0035
CHFOIS_SWAPP3Y,LAST_PRICE,0.0045
CHFOIS_SWAPP4Y,LAST_PRICE,0.0075
CHFOIS_SWAPP5Y,LAST_PRICE,0.01
CHFOIS_SWAPP10Y,LAST_PRICE,0.015
JPYOIS_SWAPP1M,LAST_PRICE,0.0027
JPYOIS_SWAPP2M,LAST_PRICE,0.0027
JPYOIS_SWAPP3M,LAST_PRICE,0.0026
JPYOIS_SWAPP4M,LAST_PRICE,0.0027
JPYOIS_SWAPP5M,LAST_PRICE,0.003
JPYOIS_SWAPP6M,LAST_PRICE,0.003
JPYOIS_SWAPP9M,LAST_PRICE,0.0031
JPYOIS_SWAPP1Y,LAST_PRICE,0.0032
JPYOIS_SWAPP2Y,LAST_PRICE,0.0035
JPYOIS_SWAPP3Y,LAST_PRICE,0.0045
JPYOIS_SWAPP4Y,LAST_PRICE,0.0075
JPYOIS_SWAPP5Y,LAST_PRICE,0.01
JPYOIS_SWAPP10Y,LAST_PRICE,0.015
GBPOIS_SWAPP1M,LAST_PRICE,0.0027
GBPOIS_SWAPP2M,LAST_PRICE,0.0027
GBPOIS_SWAPP3M,LAST_PRICE,0.0026
GBPOIS_SWAPP4M,LAST_PRICE,0.0027
GBPOIS_SWAPP5M,LAST_PRICE,0.003
GBPOIS_SWAPP6M,LAST_PRICE,0.003
GBPOIS_SWAPP9M,LAST_PRICE,0.0031
GBPOIS_SWAPP1Y,LAST_PRICE,0.0032
GBPOIS_SWAPP2Y,LAST_PRICE,0.0035
GBPOIS_SWAPP3Y,LAST_PRICE,0.0045
GBPOIS_SWAPP4Y,LAST_PRICE,0.0075
GBPOIS_SWAPP5Y,LAST_PRICE,0.01
GBPOIS_SWAPP10Y,LAST_PRICE,0.015
AUDOIS_SWAPP1M,LAST_PRICE,0.0027
AUDOIS_SWAPP2M,LAST_PRICE,0.0027
AUDOIS_SWAPP3M,LAST_PRICE,0.0026
AUDOIS_SWAPP4M,LAST_PRICE,0.0027
AUDOIS_SWAPP5M,LAST_PRICE,0.003
AUDOIS_SWAPP6M,LAST_PRICE,0.003
AUDOIS_SWAPP9M,LAST_PRICE,0.0031
AUDOIS_SWAPP1Y,LAST_PRICE,0.0032
AUDOIS_SWAPP2Y,LAST_PRICE,0.0035
AUDOIS_SWAPP3Y,LAST_PRICE,0.0045
AUDOIS_SWAPP4Y,LAST_PRICE,0.0075
AUDOIS_SWAPP5Y,LAST_PRICE,0.01
AUDOIS_SWAPP10Y,LAST_PRICE,0.015
#FRA,,
USDFRAP6M,LAST_PRICE,0.0055
USDFRAP9M,LAST_PRICE,0.006
EURFRAP6M,LAST_PRICE,0.0055
EURFRAP9M,LAST_PRICE,0.006
EURFRAP12M,LAST_PRICE,0.0069
CHFFRAP6M,LAST_PRICE,0.0055
CHFFRAP9M,LAST_PRICE,0.006
GBPFRAP6M,LAST_PRICE,0.0055
GBPFRAP9M,LAST_PRICE,0.006
JPYFRAP6M,LAST_PRICE,0.0055
JPYFRAP9M,LAST_PRICE,0.006
#Overnight,,
USDFF,LAST_PRICE,0.0025
EONIA,LAST_PRICE,0.00125
USDOVERNIGHT,LAST_PRICE,0.0025
EUROVERNIGHT,LAST_PRICE,0.00125
SONIO,LAST_PRICE,0.003
TONAR,LAST_PRICE,0.001
TOISTOIS,LAST_PRICE,0.0001
AUDON,LAST_PRICE,0.002
#Basis Swaps,,
AUDBASIS_SWAP_BBSWP3MBBSWP6M_P1Y,LAST_PRICE,0.001
AUDBASIS_SWAP_BBSWP3MBBSWP6M_P2Y,LAST_PRICE,0.001
AUDBASIS_SWAP_BBSWP3MBBSWP6M_P3Y,LAST_PRICE,0.001
AUDBASIS_SWAP_BBSWP3MBBSWP6M_P4Y,LAST_PRICE,0.001
AUDBASIS_SWAP_BBSWP3MBBSWP6M_P5Y,LAST_PRICE,0.001
AUDBASIS_SWAP_BBSWP3MBBSWP6M_P6Y,LAST_PRICE,0.001
AUDBASIS_SWAP_BBSWP3MBBSWP6M_P7Y,LAST_PRICE,0.001
AUDBASIS_SWAP_BBSWP3MBBSWP6M_P8Y,LAST_PRICE,0.001
AUDBASIS_SWAP_BBSWP3MBBSWP6M_P9Y,LAST_PRICE,0.001
AUDBASIS_SWAP_BBSWP3MBBSWP6M_P10Y,LAST_PRICE,0.001
#Fixing,,
USDISDA10P1Y,LAST_PRICE,0.014
USDISDA10P2Y,LAST_PRICE,0.025
USDISDA10P3Y,LAST_PRICE,0.031
USDISDA10P4Y,LAST_PRICE,0.035
USDISDA10P5Y,LAST_PRICE,0.037
USDISDA10P6Y,LAST_PRICE,0.039
USDISDA10P7Y,LAST_PRICE,0.04
USDISDA10P8Y,LAST_PRICE,0.041
USDISDA10P9Y,LAST_PRICE,0.0408
USDISDA10P10Y,LAST_PRICE,0.0406
USDISDA10P12Y,LAST_PRICE,0.0398
USDISDA10P15Y,LAST_PRICE,0.0394
USDISDA10P20Y,LAST_PRICE,0.0391
USDISDA10P25Y,LAST_PRICE,0.0389
USDISDA10P30Y,LAST_PRICE,0.0387
USDISDA10P40Y,LAST_PRICE,0.0384
USDISDA10P50Y,LAST_PRICE,0.0379
USDISDA10P80Y,LAST_PRICE,0.0379
AUDBBP6M,LAST_PRICE,0.01
AUDBBP3M,LAST_PRICE,0.01
# FX,,
USDJPY,LAST_PRICE,80
EURUSD,LAST_PRICE,1.328
USDCHF,LAST_PRICE,0.84
GBPUSD,LAST_PRICE,1.588
AUDUSD,LAST_PRICE,1.1
GBPEUR,LAST_PRICE,1.2
CHFJPY,LAST_PRICE,100
JPYUSD,LAST_PRICE,0.0125
CHFUSD,LAST_PRICE,1.19
USDUGX,LAST_PRICE,2550
#Index,,
SPX,LAST_PRICE,1300.67
# Swaption Cube,,
USDSWAPTIONVOL10Y10YN100.0,LAST_PRICE,0.26542677378530344
USDSWAPTIONVOL10Y10YN200.0,LAST_PRICE,0.29508930157207824
USDSWAPTIONVOL10Y10YP0.0,LAST_PRICE,0.2453
USDSWAPTIONVOL10Y15YN100.0,LAST_PRICE,0.25182677378530344
USDSWAPTIONVOL10Y15YN200.0,LAST_PRICE,0.2814893015720783
USDSWAPTIONVOL10Y15YP0.0,LAST_PRICE,0.2317
USDSWAPTIONVOL10Y15YP100.0,LAST_PRICE,0.22013223008392593
USDSWAPTIONVOL10Y15YP200.0,LAST_PRICE,0.21595856597790075
USDSWAPTIONVOL10Y1YN100.0,LAST_PRICE,0.2769267737853034
USDSWAPTIONVOL10Y1YN200.0,LAST_PRICE,0.30658930157207825
USDSWAPTIONVOL10Y1YP0.0,LAST_PRICE,0.2568
USDSWAPTIONVOL10Y1YP100.0,LAST_PRICE,0.24523223008392592
USDSWAPTIONVOL10Y1YP200.0,LAST_PRICE,0.24105856597790074
USDSWAPTIONVOL10Y20YN100.0,LAST_PRICE,0.24712677378530346
USDSWAPTIONVOL10Y20YN200.0,LAST_PRICE,0.27678930157207826
USDSWAPTIONVOL10Y20YP0.0,LAST_PRICE,0.227
USDSWAPTIONVOL10Y2YN100.0,LAST_PRICE,0.2766267737853034
USDSWAPTIONVOL10Y2YN200.0,LAST_PRICE,0.3062893015720783
USDSWAPTIONVOL10Y2YP0.0,LAST_PRICE,0.2565
USDSWAPTIONVOL10Y2YP100.0,LAST_PRICE,0.24493223008392595
USDSWAPTIONVOL10Y2YP200.0,LAST_PRICE,0.24075856597790077
USDSWAPTIONVOL10Y30YN100.0,LAST_PRICE,0.24442677378530345
USDSWAPTIONVOL10Y30YN200.0,LAST_PRICE,0.2740893015720783
USDSWAPTIONVOL10Y30YP0.0,LAST_PRICE,0.2243
USDSWAPTIONVOL10Y30YP100.0,LAST_PRICE,0.21273223008392594
USDSWAPTIONVOL10Y30YP200.0,LAST_PRICE,0.20855856597790076
USDSWAPTIONVOL10Y3MN100.0,LAST_PRICE,0.2751713571186367
USDSWAPTIONVOL10Y3MN200.0,LAST_PRICE,0.3048338849054115
USDSWAPTIONVOL10Y3MP0.0,LAST_PRICE,0.25504458333333324
USDSWAPTIONVOL10Y3MP100.0,LAST_PRICE,0.24347681341725919
USDSWAPTIONVOL10Y3MP200.0,LAST_PRICE,0.239303149311234
USDSWAPTIONVOL10Y5YN100.0,LAST_PRICE,0.26572677378530346
USDSWAPTIONVOL10Y5YN200.0,LAST_PRICE,0.2953893015720783
USDSWAPTIONVOL10Y5YP0.0,LAST_PRICE,0.2456
USDSWAPTIONVOL10Y5YP100.0,LAST_PRICE,0.23403223008392596
USDSWAPTIONVOL10Y5YP200.0,LAST_PRICE,0.22985856597790078
USDSWAPTIONVOL15Y10YN100.0,LAST_PRICE,0.2590267737853035
USDSWAPTIONVOL15Y10YN200.0,LAST_PRICE,0.2886893015720783
USDSWAPTIONVOL15Y10YP0.0,LAST_PRICE,0.2389
USDSWAPTIONVOL15Y10YP100.0,LAST_PRICE,0.22733223008392595
USDSWAPTIONVOL15Y10YP200.0,LAST_PRICE,0.22315856597790076
USDSWAPTIONVOL15Y15YN100.0,LAST_PRICE,0.23812677378530345
USDSWAPTIONVOL15Y15YN200.0,LAST_PRICE,0.26778930157207825
USDSWAPTIONVOL15Y15YP0.0,LAST_PRICE,0.218
USDSWAPTIONVOL15Y1YN100.0,LAST_PRICE,0.25612677378530346
USDSWAPTIONVOL15Y1YN200.0,LAST_PRICE,0.28578930157207827
USDSWAPTIONVOL15Y1YP0.0,LAST_PRICE,0.236
USDSWAPTIONVOL15Y1YP100.0,LAST_PRICE,0.22443223008392593
USDSWAPTIONVOL15Y1YP200.0,LAST_PRICE,0.22025856597790075
USDSWAPTIONVOL15Y20YN100.0,LAST_PRICE,0.23942677378530344
USDSWAPTIONVOL15Y20YN200.0,LAST_PRICE,0.2690893015720783
USDSWAPTIONVOL15Y20YP0.0,LAST_PRICE,0.2193
USDSWAPTIONVOL15Y20YP100.0,LAST_PRICE,0.20773223008392594
USDSWAPTIONVOL15Y20YP200.0,LAST_PRICE,0.20355856597790076
USDSWAPTIONVOL15Y2YN100.0,LAST_PRICE,0.25112677378530346
USDSWAPTIONVOL15Y2YN200.0,LAST_PRICE,0.28078930157207826
USDSWAPTIONVOL15Y2YP0.0,LAST_PRICE,0.231
USDSWAPTIONVOL15Y2YP100.0,LAST_PRICE,0.21943223008392596
USDSWAPTIONVOL15Y2YP200.0,LAST_PRICE,0.21525856597790077
USDSWAPTIONVOL15Y30YN100.0,LAST_PRICE,0.23782677378530345
USDSWAPTIONVOL15Y30YN200.0,LAST_PRICE,0.2674893015720783
USDSWAPTIONVOL15Y30YP0.0,LAST_PRICE,0.2177
USDSWAPTIONVOL15Y30YP100.0,LAST_PRICE,0.20613223008392595
USDSWAPTIONVOL15Y30YP200.0,LAST_PRICE,0.20195856597790077
USDSWAPTIONVOL15Y3MN100.0,LAST_PRICE,0.26495514618113675
USDSWAPTIONVOL15Y3MN200.0,LAST_PRICE,0.2946176739679116
USDSWAPTIONVOL15Y3MP0.0,LAST_PRICE,0.2448283723958333
USDSWAPTIONVOL15Y3MP100.0,LAST_PRICE,0.23326060247975924
USDSWAPTIONVOL15Y3MP200.0,LAST_PRICE,0.22908693837373406
USDSWAPTIONVOL15Y5YN100.0,LAST_PRICE,0.26382677378530345
USDSWAPTIONVOL15Y5YN200.0,LAST_PRICE,0.2934893015720783
USDSWAPTIONVOL15Y5YP0.0,LAST_PRICE,0.2437
USDSWAPTIONVOL15Y5YP100.0,LAST_PRICE,0.23213223008392594
USDSWAPTIONVOL15Y5YP200.0,LAST_PRICE,0.22795856597790076
USDSWAPTIONVOL1Y10YN100.0,LAST_PRICE,0.40332677378530346
USDSWAPTIONVOL1Y10YN200.0,LAST_PRICE,0.43298930157207827
USDSWAPTIONVOL1Y10YP0.0,LAST_PRICE,0.3832
USDSWAPTIONVOL1Y15YN100.0,LAST_PRICE,0.3594267737853034
USDSWAPTIONVOL1Y15YN200.0,LAST_PRICE,0.38908930157207827
USDSWAPTIONVOL1Y15YP0.0,LAST_PRICE,0.3393
USDSWAPTIONVOL1Y15YP100.0,LAST_PRICE,0.32773223008392594
USDSWAPTIONVOL1Y15YP200.0,LAST_PRICE,0.3235585659779008
USDSWAPTIONVOL1Y1YN100.0,LAST_PRICE,0.7164267737853035
USDSWAPTIONVOL1Y1YN200.0,LAST_PRICE,0.7460893015720783
USDSWAPTIONVOL1Y1YN25.0,LAST_PRICE,0.7006030695710983
USDSWAPTIONVOL1Y1YN50.0,LAST_PRICE,0.7053802367144663
USDSWAPTIONVOL1Y1YN70.0,LAST_PRICE,0.7095555820131632
USDSWAPTIONVOL1Y1YP70.0,LAST_PRICE,0.6872695306861133
USDSWAPTIONVOL1Y1YP75.0,LAST_PRICE,0.6867976529827768
USDSWAPTIONVOL1Y20YN100.0,LAST_PRICE,0.3476267737853035
USDSWAPTIONVOL1Y20YN200.0,LAST_PRICE,0.3772893015720783
USDSWAPTIONVOL1Y20YP0.0,LAST_PRICE,0.3275
USDSWAPTIONVOL1Y20YP100.0,LAST_PRICE,0.31593223008392596
USDSWAPTIONVOL1Y20YP200.0,LAST_PRICE,0.31175856597790075
USDSWAPTIONVOL1Y2YN100.0,LAST_PRICE,0.6166267737853035
USDSWAPTIONVOL1Y2YN20.0,LAST_PRICE,0.5999013581452212
USDSWAPTIONVOL1Y2YN200.0,LAST_PRICE,0.6462893015720783
USDSWAPTIONVOL1Y2YN50.0,LAST_PRICE,0.6055802367144663
USDSWAPTIONVOL1Y2YN70.0,LAST_PRICE,0.6097555820131632
USDSWAPTIONVOL1Y2YP100.0,LAST_PRICE,0.5849322300839259
USDSWAPTIONVOL1Y2YP20.0,LAST_PRICE,0.5934375826930797
USDSWAPTIONVOL1Y2YP200.0,LAST_PRICE,0.5807585659779008
USDSWAPTIONVOL1Y2YP50.0,LAST_PRICE,0.589565501646852
USDSWAPTIONVOL1Y2YP70.0,LAST_PRICE,0.5874695306861133
USDSWAPTIONVOL1Y2YP75.0,LAST_PRICE,0.5869976529827768
USDSWAPTIONVOL1Y30YN100.0,LAST_PRICE,0.3386267737853035
USDSWAPTIONVOL1Y30YN200.0,LAST_PRICE,0.3682893015720783
USDSWAPTIONVOL1Y30YP0.0,LAST_PRICE,0.3185
USDSWAPTIONVOL1Y30YP100.0,LAST_PRICE,0.30693223008392595
USDSWAPTIONVOL1Y30YP200.0,LAST_PRICE,0.30275856597790074
USDSWAPTIONVOL1Y3MN100.0,LAST_PRICE,0.8175299638894702
USDSWAPTIONVOL1Y3MN20.0,LAST_PRICE,0.8008045482493878
USDSWAPTIONVOL1Y3MN200.0,LAST_PRICE,0.847192491676245
USDSWAPTIONVOL1Y3MN50.0,LAST_PRICE,0.8064834268186329
USDSWAPTIONVOL1Y3MN70.0,LAST_PRICE,0.8106587721173298
USDSWAPTIONVOL1Y3MP100.0,LAST_PRICE,0.7858354201880926
USDSWAPTIONVOL1Y3MP20.0,LAST_PRICE,0.7943407727972464
USDSWAPTIONVOL1Y3MP200.0,LAST_PRICE,0.7816617560820674
USDSWAPTIONVOL1Y3MP50.0,LAST_PRICE,0.7904686917510186
USDSWAPTIONVOL1Y3MP70.0,LAST_PRICE,0.78837272079028
USDSWAPTIONVOL1Y5YN100.0,LAST_PRICE,0.4878267737853035
USDSWAPTIONVOL1Y5YN200.0,LAST_PRICE,0.5174893015720783
USDSWAPTIONVOL1Y5YN25.0,LAST_PRICE,0.4720030695710983
USDSWAPTIONVOL1Y5YN50.0,LAST_PRICE,0.47678023671446623
USDSWAPTIONVOL1Y5YN70.0,LAST_PRICE,0.48095558201316313
USDSWAPTIONVOL1Y5YP70.0,LAST_PRICE,0.45866953068611327
USDSWAPTIONVOL1Y5YP75.0,LAST_PRICE,0.4581976529827768
USDSWAPTIONVOL20Y10YN100.0,LAST_PRICE,0.24192677378530345
USDSWAPTIONVOL20Y10YN200.0,LAST_PRICE,0.2715893015720783
USDSWAPTIONVOL20Y10YP0.0,LAST_PRICE,0.2218
USDSWAPTIONVOL20Y10YP100.0,LAST_PRICE,0.21023223008392594
USDSWAPTIONVOL20Y10YP200.0,LAST_PRICE,0.20605856597790076
USDSWAPTIONVOL20Y15YN100.0,LAST_PRICE,0.23242677378530344
USDSWAPTIONVOL20Y15YN200.0,LAST_PRICE,0.26208930157207827
USDSWAPTIONVOL20Y15YP0.0,LAST_PRICE,0.2123
USDSWAPTIONVOL20Y15YP100.0,LAST_PRICE,0.20073223008392593
USDSWAPTIONVOL20Y15YP200.0,LAST_PRICE,0.19655856597790075
USDSWAPTIONVOL20Y1YN100.0,LAST_PRICE,0.24812677378530346
USDSWAPTIONVOL20Y1YN200.0,LAST_PRICE,0.27778930157207826
USDSWAPTIONVOL20Y1YP0.0,LAST_PRICE,0.228
USDSWAPTIONVOL20Y1YP100.0,LAST_PRICE,0.21643223008392595
USDSWAPTIONVOL20Y1YP200.0,LAST_PRICE,0.21225856597790077
USDSWAPTIONVOL20Y20YN100.0,LAST_PRICE,0.22922677378530346
USDSWAPTIONVOL20Y20YN200.0,LAST_PRICE,0.2588893015720783
USDSWAPTIONVOL20Y20YP0.0,LAST_PRICE,0.2091
USDSWAPTIONVOL20Y20YP100.0,LAST_PRICE,0.19753223008392595
USDSWAPTIONVOL20Y20YP200.0,LAST_PRICE,0.19335856597790077
USDSWAPTIONVOL20Y2YN100.0,LAST_PRICE,0.24912677378530346
USDSWAPTIONVOL20Y2YN200.0,LAST_PRICE,0.27878930157207826
USDSWAPTIONVOL20Y2YP0.0,LAST_PRICE,0.229
USDSWAPTIONVOL20Y2YP100.0,LAST_PRICE,0.21743223008392595
USDSWAPTIONVOL20Y2YP200.0,LAST_PRICE,0.21325856597790077
USDSWAPTIONVOL20Y30YN100.0,LAST_PRICE,0.22912677378530344
USDSWAPTIONVOL20Y30YN200.0,LAST_PRICE,0.25878930157207825
USDSWAPTIONVOL20Y30YP0.0,LAST_PRICE,0.209
USDSWAPTIONVOL20Y30YP100.0,LAST_PRICE,0.19743223008392594
USDSWAPTIONVOL20Y30YP200.0,LAST_PRICE,0.19325856597790075
USDSWAPTIONVOL20Y3MN100.0,LAST_PRICE,0.24732008107697012
USDSWAPTIONVOL20Y3MN200.0,LAST_PRICE,0.27698260886374493
USDSWAPTIONVOL20Y3MP0.0,LAST_PRICE,0.22719330729166667
USDSWAPTIONVOL20Y3MP100.0,LAST_PRICE,0.21562553737559262
USDSWAPTIONVOL20Y3MP200.0,LAST_PRICE,0.21145187326956744
USDSWAPTIONVOL20Y5YN100.0,LAST_PRICE,0.25062677378530346
USDSWAPTIONVOL20Y5YN200.0,LAST_PRICE,0.2802893015720783
USDSWAPTIONVOL20Y5YP0.0,LAST_PRICE,0.2305
USDSWAPTIONVOL20Y5YP100.0,LAST_PRICE,0.21893223008392595
USDSWAPTIONVOL20Y5YP200.0,LAST_PRICE,0.21475856597790077
USDSWAPTIONVOL2Y10YN100.0,LAST_PRICE,0.3667267737853035
USDSWAPTIONVOL2Y10YN200.0,LAST_PRICE,0.3963893015720783
USDSWAPTIONVOL2Y10YP0.0,LAST_PRICE,0.3466
USDSWAPTIONVOL2Y15YN100.0,LAST_PRICE,0.34812677378530343
USDSWAPTIONVOL2Y15YN200.0,LAST_PRICE,0.3777893015720783
USDSWAPTIONVOL2Y15YP0.0,LAST_PRICE,0.328
USDSWAPTIONVOL2Y15YP100.0,LAST_PRICE,0.31643223008392596
USDSWAPTIONVOL2Y15YP200.0,LAST_PRICE,0.3122585659779008
USDSWAPTIONVOL2Y1YN100.0,LAST_PRICE,0.6540267737853035
USDSWAPTIONVOL2Y1YN20.0,LAST_PRICE,0.6373013581452212
USDSWAPTIONVOL2Y1YN200.0,LAST_PRICE,0.6836893015720783
USDSWAPTIONVOL2Y1YN50.0,LAST_PRICE,0.6429802367144662
USDSWAPTIONVOL2Y1YN70.0,LAST_PRICE,0.6471555820131631
USDSWAPTIONVOL2Y1YN75.0,LAST_PRICE,0.648251099987295
USDSWAPTIONVOL2Y1YP100.0,LAST_PRICE,0.622332230083926
USDSWAPTIONVOL2Y1YP20.0,LAST_PRICE,0.6308375826930797
USDSWAPTIONVOL2Y1YP200.0,LAST_PRICE,0.6181585659779008
USDSWAPTIONVOL2Y1YP50.0,LAST_PRICE,0.6269655016468519
USDSWAPTIONVOL2Y1YP70.0,LAST_PRICE,0.6248695306861133
USDSWAPTIONVOL2Y1YP75.0,LAST_PRICE,0.6243976529827768
USDSWAPTIONVOL2Y20YN100.0,LAST_PRICE,0.32992677378530344
USDSWAPTIONVOL2Y20YN200.0,LAST_PRICE,0.3595893015720783
USDSWAPTIONVOL2Y20YP0.0,LAST_PRICE,0.3098
USDSWAPTIONVOL2Y20YP100.0,LAST_PRICE,0.29823223008392596
USDSWAPTIONVOL2Y20YP200.0,LAST_PRICE,0.2940585659779008
USDSWAPTIONVOL2Y2YN100.0,LAST_PRICE,0.5550267737853035
USDSWAPTIONVOL2Y2YN200.0,LAST_PRICE,0.5846893015720783
USDSWAPTIONVOL2Y2YN25.0,LAST_PRICE,0.5392030695710983
USDSWAPTIONVOL2Y2YN50.0,LAST_PRICE,0.5439802367144663
USDSWAPTIONVOL2Y2YN70.0,LAST_PRICE,0.5481555820131632
USDSWAPTIONVOL2Y2YN75.0,LAST_PRICE,0.549251099987295
USDSWAPTIONVOL2Y2YP70.0,LAST_PRICE,0.5258695306861133
USDSWAPTIONVOL2Y2YP75.0,LAST_PRICE,0.5253976529827769
USDSWAPTIONVOL2Y30YN100.0,LAST_PRICE,0.32262677378530347
USDSWAPTIONVOL2Y30YN200.0,LAST_PRICE,0.3522893015720783
USDSWAPTIONVOL2Y30YN25.0,LAST_PRICE,0.30680306957109826
USDSWAPTIONVOL2Y30YP0.0,LAST_PRICE,0.3025
USDSWAPTIONVOL2Y30YP100.0,LAST_PRICE,0.29093223008392594
USDSWAPTIONVOL2Y30YP200.0,LAST_PRICE,0.2867585659779007
USDSWAPTIONVOL2Y3MN100.0,LAST_PRICE,0.7554022295144701
USDSWAPTIONVOL2Y3MN20.0,LAST_PRICE,0.7386768138743878
USDSWAPTIONVOL2Y3MN200.0,LAST_PRICE,0.7850647573012449
USDSWAPTIONVOL2Y3MN50.0,LAST_PRICE,0.7443556924436329
USDSWAPTIONVOL2Y3MN70.0,LAST_PRICE,0.7485310377423298
USDSWAPTIONVOL2Y3MP100.0,LAST_PRICE,0.7237076858130926
USDSWAPTIONVOL2Y3MP20.0,LAST_PRICE,0.7322130384222463
USDSWAPTIONVOL2Y3MP200.0,LAST_PRICE,0.7195340217070674
USDSWAPTIONVOL2Y3MP50.0,LAST_PRICE,0.7283409573760186
USDSWAPTIONVOL2Y3MP70.0,LAST_PRICE,0.7262449864152799
USDSWAPTIONVOL2Y5YN100.0,LAST_PRICE,0.4342267737853035
USDSWAPTIONVOL2Y5YN20.0,LAST_PRICE,0.41750135814522116
USDSWAPTIONVOL2Y5YN200.0,LAST_PRICE,0.4638893015720783
USDSWAPTIONVOL2Y5YN50.0,LAST_PRICE,0.42318023671446625
USDSWAPTIONVOL2Y5YN70.0,LAST_PRICE,0.42735558201316315
USDSWAPTIONVOL2Y5YN75.0,LAST_PRICE,0.428451099987295
USDSWAPTIONVOL2Y5YP100.0,LAST_PRICE,0.40253223008392597
USDSWAPTIONVOL2Y5YP20.0,LAST_PRICE,0.41103758269307966
USDSWAPTIONVOL2Y5YP200.0,LAST_PRICE,0.39835856597790076
USDSWAPTIONVOL2Y5YP50.0,LAST_PRICE,0.40716550164685195
USDSWAPTIONVOL2Y5YP70.0,LAST_PRICE,0.4050695306861133
USDSWAPTIONVOL2Y5YP75.0,LAST_PRICE,0.40459765298277683
USDSWAPTIONVOL30Y10YN100.0,LAST_PRICE,0.24602677378530344
USDSWAPTIONVOL30Y10YN200.0,LAST_PRICE,0.27568930157207827
USDSWAPTIONVOL30Y10YP0.0,LAST_PRICE,0.2259
USDSWAPTIONVOL30Y10YP100.0,LAST_PRICE,0.21433223008392593
USDSWAPTIONVOL30Y10YP200.0,LAST_PRICE,0.21015856597790075
USDSWAPTIONVOL30Y15YN100.0,LAST_PRICE,0.23622677378530343
USDSWAPTIONVOL30Y15YN200.0,LAST_PRICE,0.26588930157207824
USDSWAPTIONVOL30Y15YP0.0,LAST_PRICE,0.2161
USDSWAPTIONVOL30Y15YP100.0,LAST_PRICE,0.20453223008392593
USDSWAPTIONVOL30Y15YP200.0,LAST_PRICE,0.20035856597790075
USDSWAPTIONVOL30Y1YN100.0,LAST_PRICE,0.24412677378530345
USDSWAPTIONVOL30Y1YN200.0,LAST_PRICE,0.27378930157207826
USDSWAPTIONVOL30Y1YP0.0,LAST_PRICE,0.224
USDSWAPTIONVOL30Y1YP100.0,LAST_PRICE,0.21243223008392595
USDSWAPTIONVOL30Y1YP200.0,LAST_PRICE,0.20825856597790077
USDSWAPTIONVOL30Y20YN100.0,LAST_PRICE,0.26112677378530347
USDSWAPTIONVOL30Y20YN200.0,LAST_PRICE,0.2907893015720783
USDSWAPTIONVOL30Y20YP0.0,LAST_PRICE,0.241
USDSWAPTIONVOL30Y20YP100.0,LAST_PRICE,0.22943223008392594
USDSWAPTIONVOL30Y20YP200.0,LAST_PRICE,0.22525856597790075
USDSWAPTIONVOL30Y2YN100.0,LAST_PRICE,0.23712677378530345
USDSWAPTIONVOL30Y2YN200.0,LAST_PRICE,0.26678930157207825
USDSWAPTIONVOL30Y2YP0.0,LAST_PRICE,0.217
USDSWAPTIONVOL30Y2YP100.0,LAST_PRICE,0.20543223008392594
USDSWAPTIONVOL30Y2YP200.0,LAST_PRICE,0.20125856597790076
USDSWAPTIONVOL30Y30YN100.0,LAST_PRICE,0.2681267737853035
USDSWAPTIONVOL30Y30YN200.0,LAST_PRICE,0.2977893015720783
USDSWAPTIONVOL30Y30YP0.0,LAST_PRICE,0.248
USDSWAPTIONVOL30Y30YP100.0,LAST_PRICE,0.23643223008392594
USDSWAPTIONVOL30Y30YP200.0,LAST_PRICE,0.23225856597790076
USDSWAPTIONVOL30Y3MN100.0,LAST_PRICE,0.2547366045144701
USDSWAPTIONVOL30Y3MN200.0,LAST_PRICE,0.284399132301245
USDSWAPTIONVOL30Y3MP0.0,LAST_PRICE,0.2346098307291667
USDSWAPTIONVOL30Y3MP100.0,LAST_PRICE,0.22304206081309264
USDSWAPTIONVOL30Y3MP200.0,LAST_PRICE,0.21886839670706745
USDSWAPTIONVOL30Y5YN100.0,LAST_PRICE,0.24652677378530344
USDSWAPTIONVOL30Y5YN200.0,LAST_PRICE,0.27618930157207827
USDSWAPTIONVOL30Y5YP0.0,LAST_PRICE,0.2264
USDSWAPTIONVOL30Y5YP100.0,LAST_PRICE,0.21483223008392593
USDSWAPTIONVOL30Y5YP200.0,LAST_PRICE,0.21065856597790075
USDSWAPTIONVOL3M10YN100.0,LAST_PRICE,0.44562677378530346
USDSWAPTIONVOL3M10YN200.0,LAST_PRICE,0.47528930157207827
USDSWAPTIONVOL3M10YP0.0,LAST_PRICE,0.4255
USDSWAPTIONVOL3M15YN100.0,LAST_PRICE,0.38112677378530346
USDSWAPTIONVOL3M15YN200.0,LAST_PRICE,0.41078930157207827
USDSWAPTIONVOL3M15YP0.0,LAST_PRICE,0.361
USDSWAPTIONVOL3M15YP100.0,LAST_PRICE,0.34943223008392593
USDSWAPTIONVOL3M15YP200.0,LAST_PRICE,0.3452585659779007
USDSWAPTIONVOL3M1YN100.0,LAST_PRICE,0.6634267737853035
USDSWAPTIONVOL3M1YN20.0,LAST_PRICE,0.6467013581452211
USDSWAPTIONVOL3M1YN200.0,LAST_PRICE,0.6930893015720783
USDSWAPTIONVOL3M1YN50.0,LAST_PRICE,0.6523802367144662
USDSWAPTIONVOL3M1YN70.0,LAST_PRICE,0.6565555820131631
USDSWAPTIONVOL3M1YN75.0,LAST_PRICE,0.657651099987295
USDSWAPTIONVOL3M1YP100.0,LAST_PRICE,0.6317322300839259
USDSWAPTIONVOL3M1YP20.0,LAST_PRICE,0.6402375826930796
USDSWAPTIONVOL3M1YP200.0,LAST_PRICE,0.6275585659779007
USDSWAPTIONVOL3M1YP50.0,LAST_PRICE,0.6363655016468519
USDSWAPTIONVOL3M1YP70.0,LAST_PRICE,0.6342695306861132
USDSWAPTIONVOL3M1YP75.0,LAST_PRICE,0.6337976529827768
USDSWAPTIONVOL3M20YN100.0,LAST_PRICE,0.3634267737853034
USDSWAPTIONVOL3M20YN200.0,LAST_PRICE,0.3930893015720783
USDSWAPTIONVOL3M20YP0.0,LAST_PRICE,0.3433
USDSWAPTIONVOL3M20YP100.0,LAST_PRICE,0.33173223008392594
USDSWAPTIONVOL3M20YP200.0,LAST_PRICE,0.3275585659779008
USDSWAPTIONVOL3M2YN100.0,LAST_PRICE,0.6375267737853034
USDSWAPTIONVOL3M2YN200.0,LAST_PRICE,0.6671893015720782
USDSWAPTIONVOL3M2YN25.0,LAST_PRICE,0.6217030695710982
USDSWAPTIONVOL3M2YN50.0,LAST_PRICE,0.6264802367144662
USDSWAPTIONVOL3M2YN70.0,LAST_PRICE,0.6306555820131631
USDSWAPTIONVOL3M2YN75.0,LAST_PRICE,0.631751099987295
USDSWAPTIONVOL3M2YP70.0,LAST_PRICE,0.6083695306861132
USDSWAPTIONVOL3M2YP75.0,LAST_PRICE,0.6078976529827768
USDSWAPTIONVOL3M30YN100.0,LAST_PRICE,0.3567267737853035
USDSWAPTIONVOL3M30YN200.0,LAST_PRICE,0.3863893015720783
USDSWAPTIONVOL3M30YP0.0,LAST_PRICE,0.3366
USDSWAPTIONVOL3M30YP100.0,LAST_PRICE,0.32503223008392595
USDSWAPTIONVOL3M30YP200.0,LAST_PRICE,0.32085856597790074
USDSWAPTIONVOL3M3MN100.0,LAST_PRICE,0.6841437659728036
USDSWAPTIONVOL3M3MN20.0,LAST_PRICE,0.6674183503327212
USDSWAPTIONVOL3M3MN200.0,LAST_PRICE,0.7138062937595784
USDSWAPTIONVOL3M3MN50.0,LAST_PRICE,0.6730972289019663
USDSWAPTIONVOL3M3MN70.0,LAST_PRICE,0.6772725742006632
USDSWAPTIONVOL3M3MP100.0,LAST_PRICE,0.652449222271426
USDSWAPTIONVOL3M3MP20.0,LAST_PRICE,0.6609545748805797
USDSWAPTIONVOL3M3MP200.0,LAST_PRICE,0.6482755581654008
USDSWAPTIONVOL3M3MP50.0,LAST_PRICE,0.657082493834352
USDSWAPTIONVOL3M3MP70.0,LAST_PRICE,0.6549865228736134
USDSWAPTIONVOL3M5YN100.0,LAST_PRICE,0.5671267737853035
USDSWAPTIONVOL3M5YN20.0,LAST_PRICE,0.5504013581452212
USDSWAPTIONVOL3M5YN200.0,LAST_PRICE,0.5967893015720783
USDSWAPTIONVOL3M5YN50.0,LAST_PRICE,0.5560802367144663
USDSWAPTIONVOL3M5YN70.0,LAST_PRICE,0.5602555820131632
USDSWAPTIONVOL3M5YN75.0,LAST_PRICE,0.561351099987295
USDSWAPTIONVOL3M5YP100.0,LAST_PRICE,0.535432230083926
USDSWAPTIONVOL3M5YP20.0,LAST_PRICE,0.5439375826930797
USDSWAPTIONVOL3M5YP200.0,LAST_PRICE,0.5312585659779008
USDSWAPTIONVOL3M5YP50.0,LAST_PRICE,0.540065501646852
USDSWAPTIONVOL3M5YP70.0,LAST_PRICE,0.5379695306861133
USDSWAPTIONVOL3M5YP75.0,LAST_PRICE,0.5374976529827769
USDSWAPTIONVOL3Y10YN100.0,LAST_PRICE,0.33602677378530343
USDSWAPTIONVOL3Y10YN200.0,LAST_PRICE,0.3656893015720783
USDSWAPTIONVOL3Y10YN25.0,LAST_PRICE,0.32020306957109823
USDSWAPTIONVOL3Y10YN50.0,LAST_PRICE,0.3249802367144662
USDSWAPTIONVOL3Y10YN75.0,LAST_PRICE,0.33025109998729496
USDSWAPTIONVOL3Y10YP100.0,LAST_PRICE,0.30433223008392596
USDSWAPTIONVOL3Y10YP200.0,LAST_PRICE,0.3001585659779008
USDSWAPTIONVOL3Y10YP25.0,LAST_PRICE,0.3121265254887468
USDSWAPTIONVOL3Y10YP50.0,LAST_PRICE,0.308965501646852
USDSWAPTIONVOL3Y10YP75.0,LAST_PRICE,0.30639765298277677
USDSWAPTIONVOL3Y20YN100.0,LAST_PRICE,0.3102267737853035
USDSWAPTIONVOL3Y20YN200.0,LAST_PRICE,0.3398893015720783
USDSWAPTIONVOL3Y20YN25.0,LAST_PRICE,0.2944030695710983
USDSWAPTIONVOL3Y20YN50.0,LAST_PRICE,0.29918023671446625
USDSWAPTIONVOL3Y20YN500.0,LAST_PRICE,0.5579990353921828
USDSWAPTIONVOL3Y20YN75.0,LAST_PRICE,0.304451099987295
USDSWAPTIONVOL3Y20YP100.0,LAST_PRICE,0.27853223008392597
USDSWAPTIONVOL3Y20YP200.0,LAST_PRICE,0.27435856597790076
USDSWAPTIONVOL3Y20YP25.0,LAST_PRICE,0.2863265254887468
USDSWAPTIONVOL3Y20YP50.0,LAST_PRICE,0.28316550164685195
USDSWAPTIONVOL3Y20YP75.0,LAST_PRICE,0.28059765298277684
USDSWAPTIONVOL3Y2YN100.0,LAST_PRICE,0.46372677378530347
USDSWAPTIONVOL3Y2YN50.0,LAST_PRICE,0.4526802367144662
USDSWAPTIONVOL3Y30YN100.0,LAST_PRICE,0.30382677378530343
USDSWAPTIONVOL3Y30YN200.0,LAST_PRICE,0.3334893015720783
USDSWAPTIONVOL3Y30YN25.0,LAST_PRICE,0.2880030695710982
USDSWAPTIONVOL3Y30YN50.0,LAST_PRICE,0.2927802367144662
USDSWAPTIONVOL3Y30YN75.0,LAST_PRICE,0.29805109998729495
USDSWAPTIONVOL3Y30YP100.0,LAST_PRICE,0.27213223008392595
USDSWAPTIONVOL3Y30YP200.0,LAST_PRICE,0.2679585659779008
USDSWAPTIONVOL3Y30YP25.0,LAST_PRICE,0.2799265254887468
USDSWAPTIONVOL3Y30YP50.0,LAST_PRICE,0.276765501646852
USDSWAPTIONVOL3Y30YP75.0,LAST_PRICE,0.27419765298277676
USDSWAPTIONVOL3Y5YN100.0,LAST_PRICE,0.38512677378530347
USDSWAPTIONVOL3Y5YN200.0,LAST_PRICE,0.4147893015720783
USDSWAPTIONVOL3Y5YN25.0,LAST_PRICE,0.36930306957109826
USDSWAPTIONVOL3Y5YN50.0,LAST_PRICE,0.3740802367144662
USDSWAPTIONVOL3Y5YN75.0,LAST_PRICE,0.379351099987295
USDSWAPTIONVOL3Y5YP100.0,LAST_PRICE,0.35343223008392594
USDSWAPTIONVOL3Y5YP200.0,LAST_PRICE,0.3492585659779007
USDSWAPTIONVOL3Y5YP25.0,LAST_PRICE,0.3612265254887468
USDSWAPTIONVOL3Y5YP50.0,LAST_PRICE,0.3580655016468519
USDSWAPTIONVOL3Y5YP75.0,LAST_PRICE,0.3554976529827768
USDSWAPTIONVOL4Y10YN100.0,LAST_PRICE,0.3151267737853034
USDSWAPTIONVOL4Y10YN200.0,LAST_PRICE,0.34478930157207827
USDSWAPTIONVOL4Y10YN25.0,LAST_PRICE,0.2993030695710982
USDSWAPTIONVOL4Y10YN50.0,LAST_PRICE,0.30408023671446616
USDSWAPTIONVOL4Y10YN500.0,LAST_PRICE,0.5628990353921828
USDSWAPTIONVOL4Y10YN75.0,LAST_PRICE,0.30935109998729493
USDSWAPTIONVOL4Y10YP100.0,LAST_PRICE,0.28343223008392593
USDSWAPTIONVOL4Y10YP200.0,LAST_PRICE,0.2792585659779008
USDSWAPTIONVOL4Y10YP25.0,LAST_PRICE,0.2912265254887468
USDSWAPTIONVOL4Y10YP50.0,LAST_PRICE,0.28806550164685196
USDSWAPTIONVOL4Y10YP75.0,LAST_PRICE,0.28549765298277674
USDSWAPTIONVOL4Y20YN100.0,LAST_PRICE,0.2901267737853035
USDSWAPTIONVOL4Y20YN200.0,LAST_PRICE,0.3197893015720783
USDSWAPTIONVOL4Y20YN25.0,LAST_PRICE,0.2743030695710983
USDSWAPTIONVOL4Y20YN50.0,LAST_PRICE,0.27908023671446625
USDSWAPTIONVOL4Y20YN500.0,LAST_PRICE,0.5378990353921828
USDSWAPTIONVOL4Y20YN75.0,LAST_PRICE,0.284351099987295
USDSWAPTIONVOL4Y20YP100.0,LAST_PRICE,0.25843223008392596
USDSWAPTIONVOL4Y20YP200.0,LAST_PRICE,0.25425856597790075
USDSWAPTIONVOL4Y20YP25.0,LAST_PRICE,0.2662265254887468
USDSWAPTIONVOL4Y20YP50.0,LAST_PRICE,0.26306550164685194
USDSWAPTIONVOL4Y20YP75.0,LAST_PRICE,0.26049765298277683
USDSWAPTIONVOL4Y30YN100.0,LAST_PRICE,0.2861267737853035
USDSWAPTIONVOL4Y30YN200.0,LAST_PRICE,0.3157893015720783
USDSWAPTIONVOL4Y30YN25.0,LAST_PRICE,0.2703030695710983
USDSWAPTIONVOL4Y30YN50.0,LAST_PRICE,0.27508023671446624
USDSWAPTIONVOL4Y30YN500.0,LAST_PRICE,0.5338990353921828
USDSWAPTIONVOL4Y30YN75.0,LAST_PRICE,0.280351099987295
USDSWAPTIONVOL4Y30YP100.0,LAST_PRICE,0.25443223008392596
USDSWAPTIONVOL4Y30YP200.0,LAST_PRICE,0.25025856597790075
USDSWAPTIONVOL4Y30YP25.0,LAST_PRICE,0.2622265254887468
USDSWAPTIONVOL4Y30YP50.0,LAST_PRICE,0.25906550164685194
USDSWAPTIONVOL4Y30YP75.0,LAST_PRICE,0.2564976529827768
USDSWAPTIONVOL4Y5YN100.0,LAST_PRICE,0.34902677378530345
USDSWAPTIONVOL4Y5YN200.0,LAST_PRICE,0.3786893015720783
USDSWAPTIONVOL4Y5YN25.0,LAST_PRICE,0.33320306957109824
USDSWAPTIONVOL4Y5YN50.0,LAST_PRICE,0.3379802367144662
USDSWAPTIONVOL4Y5YN500.0,LAST_PRICE,0.5967990353921828
USDSWAPTIONVOL4Y5YN75.0,LAST_PRICE,0.34325109998729497
USDSWAPTIONVOL4Y5YP100.0,LAST_PRICE,0.31733223008392597
USDSWAPTIONVOL4Y5YP200.0,LAST_PRICE,0.3131585659779008
USDSWAPTIONVOL4Y5YP25.0,LAST_PRICE,0.3251265254887468
USDSWAPTIONVOL4Y5YP50.0,LAST_PRICE,0.321965501646852
USDSWAPTIONVOL4Y5YP75.0,LAST_PRICE,0.3193976529827768
USDSWAPTIONVOL5Y10YN100.0,LAST_PRICE,0.2971267737853035
USDSWAPTIONVOL5Y10YN200.0,LAST_PRICE,0.3267893015720783
USDSWAPTIONVOL5Y10YP0.0,LAST_PRICE,0.277
USDSWAPTIONVOL5Y15YN100.0,LAST_PRICE,0.2841267737853035
USDSWAPTIONVOL5Y15YN200.0,LAST_PRICE,0.3137893015720783
USDSWAPTIONVOL5Y15YP0.0,LAST_PRICE,0.264
USDSWAPTIONVOL5Y15YP100.0,LAST_PRICE,0.25243223008392596
USDSWAPTIONVOL5Y15YP200.0,LAST_PRICE,0.24825856597790077
USDSWAPTIONVOL5Y1YN100.0,LAST_PRICE,0.3697267737853035
USDSWAPTIONVOL5Y1YN20.0,LAST_PRICE,0.35300135814522116
USDSWAPTIONVOL5Y1YN200.0,LAST_PRICE,0.3993893015720783
USDSWAPTIONVOL5Y1YN50.0,LAST_PRICE,0.35868023671446625
USDSWAPTIONVOL5Y1YN70.0,LAST_PRICE,0.36285558201316315
USDSWAPTIONVOL5Y1YN75.0,LAST_PRICE,0.363951099987295
USDSWAPTIONVOL5Y1YP100.0,LAST_PRICE,0.33803223008392597
USDSWAPTIONVOL5Y1YP20.0,LAST_PRICE,0.34653758269307966
USDSWAPTIONVOL5Y1YP200.0,LAST_PRICE,0.33385856597790076
USDSWAPTIONVOL5Y1YP50.0,LAST_PRICE,0.34266550164685194
USDSWAPTIONVOL5Y1YP70.0,LAST_PRICE,0.3405695306861133
USDSWAPTIONVOL5Y1YP75.0,LAST_PRICE,0.34009765298277683
USDSWAPTIONVOL5Y20YN100.0,LAST_PRICE,0.2771267737853035
USDSWAPTIONVOL5Y20YN200.0,LAST_PRICE,0.3067893015720783
USDSWAPTIONVOL5Y20YP0.0,LAST_PRICE,0.257
USDSWAPTIONVOL5Y20YP100.0,LAST_PRICE,0.24543223008392595
USDSWAPTIONVOL5Y20YP200.0,LAST_PRICE,0.24125856597790077
USDSWAPTIONVOL5Y2YN100.0,LAST_PRICE,0.35212677378530344
USDSWAPTIONVOL5Y2YN20.0,LAST_PRICE,0.3354013581452212
USDSWAPTIONVOL5Y2YN200.0,LAST_PRICE,0.3817893015720783
USDSWAPTIONVOL5Y2YN50.0,LAST_PRICE,0.3410802367144662
USDSWAPTIONVOL5Y2YN70.0,LAST_PRICE,0.34525558201316314
USDSWAPTIONVOL5Y2YN75.0,LAST_PRICE,0.34635109998729496
USDSWAPTIONVOL5Y2YP100.0,LAST_PRICE,0.32043223008392596
USDSWAPTIONVOL5Y2YP20.0,LAST_PRICE,0.3289375826930797
USDSWAPTIONVOL5Y2YP200.0,LAST_PRICE,0.3162585659779008
USDSWAPTIONVOL5Y2YP50.0,LAST_PRICE,0.325065501646852
USDSWAPTIONVOL5Y2YP70.0,LAST_PRICE,0.32296953068611334
USDSWAPTIONVOL5Y2YP75.0,LAST_PRICE,0.3224976529827768
USDSWAPTIONVOL5Y30YN100.0,LAST_PRICE,0.2749267737853035
USDSWAPTIONVOL5Y30YN200.0,LAST_PRICE,0.3045893015720783
USDSWAPTIONVOL5Y30YP0.0,LAST_PRICE,0.2548
USDSWAPTIONVOL5Y3MN100.0,LAST_PRICE,0.3865809925353034
USDSWAPTIONVOL5Y3MN20.0,LAST_PRICE,0.3698555768952212
USDSWAPTIONVOL5Y3MN200.0,LAST_PRICE,0.4162435203220783
USDSWAPTIONVOL5Y3MN50.0,LAST_PRICE,0.3755344554644662
USDSWAPTIONVOL5Y3MN70.0,LAST_PRICE,0.37970980076316313
USDSWAPTIONVOL5Y3MP100.0,LAST_PRICE,0.35488644883392595
USDSWAPTIONVOL5Y3MP20.0,LAST_PRICE,0.3633918014430797
USDSWAPTIONVOL5Y3MP200.0,LAST_PRICE,0.3507127847279008
USDSWAPTIONVOL5Y3MP50.0,LAST_PRICE,0.359519720396852
USDSWAPTIONVOL5Y3MP70.0,LAST_PRICE,0.3574237494361133
USDSWAPTIONVOL5Y5YN100.0,LAST_PRICE,0.3234267737853035
USDSWAPTIONVOL5Y5YN200.0,LAST_PRICE,0.3530893015720783
USDSWAPTIONVOL5Y5YN25.0,LAST_PRICE,0.3076030695710983
USDSWAPTIONVOL5Y5YN50.0,LAST_PRICE,0.31238023671446624
USDSWAPTIONVOL5Y5YN70.0,LAST_PRICE,0.31655558201316314
USDSWAPTIONVOL5Y5YN75.0,LAST_PRICE,0.317651099987295
USDSWAPTIONVOL5Y5YP70.0,LAST_PRICE,0.2942695306861133
USDSWAPTIONVOL5Y5YP75.0,LAST_PRICE,0.2937976529827768
USDSWAPTIONVOL6M10YN100.0,LAST_PRICE,0.42842677378530347
USDSWAPTIONVOL6M10YP100.0,LAST_PRICE,0.39673223008392594
USDSWAPTIONVOL6M1YN100.0,LAST_PRICE,0.7112267737853035
USDSWAPTIONVOL6M1YN25.0,LAST_PRICE,0.6954030695710983
USDSWAPTIONVOL6M1YN50.0,LAST_PRICE,0.7001802367144663
USDSWAPTIONVOL6M1YN75.0,LAST_PRICE,0.705451099987295
USDSWAPTIONVOL6M1YP100.0,LAST_PRICE,0.6795322300839259
USDSWAPTIONVOL6M1YP25.0,LAST_PRICE,0.6873265254887468
USDSWAPTIONVOL6M1YP50.0,LAST_PRICE,0.684165501646852
USDSWAPTIONVOL6M1YP75.0,LAST_PRICE,0.6815976529827769
USDSWAPTIONVOL6M20YN100.0,LAST_PRICE,0.35912677378530344
USDSWAPTIONVOL6M20YP100.0,LAST_PRICE,0.32743223008392597
USDSWAPTIONVOL6M2YN100.0,LAST_PRICE,0.6322267737853035
USDSWAPTIONVOL6M2YN25.0,LAST_PRICE,0.6164030695710982
USDSWAPTIONVOL6M2YN50.0,LAST_PRICE,0.6211802367144662
USDSWAPTIONVOL6M2YN75.0,LAST_PRICE,0.626451099987295
USDSWAPTIONVOL6M2YP100.0,LAST_PRICE,0.600532230083926
USDSWAPTIONVOL6M2YP25.0,LAST_PRICE,0.6083265254887468
USDSWAPTIONVOL6M2YP50.0,LAST_PRICE,0.6051655016468519
USDSWAPTIONVOL6M2YP75.0,LAST_PRICE,0.6025976529827768
USDSWAPTIONVOL6M30YN100.0,LAST_PRICE,0.34792677378530346
USDSWAPTIONVOL6M30YP100.0,LAST_PRICE,0.3162322300839259
USDSWAPTIONVOL6M5YN100.0,LAST_PRICE,0.5381267737853035
USDSWAPTIONVOL6M5YN25.0,LAST_PRICE,0.5223030695710983
USDSWAPTIONVOL6M5YN50.0,LAST_PRICE,0.5270802367144662
USDSWAPTIONVOL6M5YN75.0,LAST_PRICE,0.532351099987295
USDSWAPTIONVOL6M5YP100.0,LAST_PRICE,0.5064322300839259
USDSWAPTIONVOL6M5YP25.0,LAST_PRICE,0.5142265254887468
USDSWAPTIONVOL6M5YP50.0,LAST_PRICE,0.5110655016468519
USDSWAPTIONVOL6M5YP75.0,LAST_PRICE,0.5084976529827768
# Swaption Instrument,,
USSV011INSTRUMENT,LAST_PRICE,0.6963
USSV0110INSTRUMENT,LAST_PRICE,0.3832
USSV015INSTRUMENT,LAST_PRICE,0.4677
USSV0130INSTRUMENT,LAST_PRICE,0.3185
USSV012INSTRUMENT,LAST_PRICE,0.5965
USSV0120INSTRUMENT,LAST_PRICE,0.3275
USSV0115INSTRUMENT,LAST_PRICE,0.3393
USSV101INSTRUMENT,LAST_PRICE,0.2568
USSV1010INSTRUMENT,LAST_PRICE,0.2453
USSV105INSTRUMENT,LAST_PRICE,0.2456
USSV1030INSTRUMENT,LAST_PRICE,0.2243
USSV102INSTRUMENT,LAST_PRICE,0.2565
USSV1020INSTRUMENT,LAST_PRICE,0.227
USSV1015INSTRUMENT,LAST_PRICE,0.2317
USSV031INSTRUMENT,LAST_PRICE,0.501
USSV0310INSTRUMENT,LAST_PRICE,0.3159
USSV035INSTRUMENT,LAST_PRICE,0.365
USSV0330INSTRUMENT,LAST_PRICE,0.2837
USSV032INSTRUMENT,LAST_PRICE,0.4436
USSV0320INSTRUMENT,LAST_PRICE,0.2901
USSV0315INSTRUMENT,LAST_PRICE,0.2947
USSV0215INSTRUMENT,LAST_PRICE,0.328
USSV041INSTRUMENT,LAST_PRICE,0.4115
USSV0410INSTRUMENT,LAST_PRICE,0.295
USSV045INSTRUMENT,LAST_PRICE,0.3289
USSV0430INSTRUMENT,LAST_PRICE,0.266
USSV042INSTRUMENT,LAST_PRICE,0.382
USSV0420INSTRUMENT,LAST_PRICE,0.27
USSV0415INSTRUMENT,LAST_PRICE,0.2777
USSV201INSTRUMENT,LAST_PRICE,0.228
USSV2010INSTRUMENT,LAST_PRICE,0.2218
USSV1515INSTRUMENT,LAST_PRICE,0.218
USSV1520INSTRUMENT,LAST_PRICE,0.2193
USSV152INSTRUMENT,LAST_PRICE,0.231
USSV1530INSTRUMENT,LAST_PRICE,0.2177
USSV155INSTRUMENT,LAST_PRICE,0.2437
USSV1510INSTRUMENT,LAST_PRICE,0.2389
USSV151INSTRUMENT,LAST_PRICE,0.236
USSV2015INSTRUMENT,LAST_PRICE,0.2123
USSV2020INSTRUMENT,LAST_PRICE,0.2091
USSV202INSTRUMENT,LAST_PRICE,0.229
USSV2030INSTRUMENT,LAST_PRICE,0.209
USSV205INSTRUMENT,LAST_PRICE,0.2305
USSV0220INSTRUMENT,LAST_PRICE,0.3098
USSV022INSTRUMENT,LAST_PRICE,0.5349
USSV0230INSTRUMENT,LAST_PRICE,0.3025
USSV025INSTRUMENT,LAST_PRICE,0.4141
USSV0210INSTRUMENT,LAST_PRICE,0.3466
USSV021INSTRUMENT,LAST_PRICE,0.6339
USSV3015INSTRUMENT,LAST_PRICE,0.2161
USSV3020INSTRUMENT,LAST_PRICE,0.241
USSV302INSTRUMENT,LAST_PRICE,0.217
USSV3030INSTRUMENT,LAST_PRICE,0.248
USSV305INSTRUMENT,LAST_PRICE,0.2264
USSV3010INSTRUMENT,LAST_PRICE,0.2259
USSV301INSTRUMENT,LAST_PRICE,0.224
USSV0515INSTRUMENT,LAST_PRICE,0.264
USSV0520INSTRUMENT,LAST_PRICE,0.257
USSV052INSTRUMENT,LAST_PRICE,0.332
USSV0530INSTRUMENT,LAST_PRICE,0.2548
USSV055INSTRUMENT,LAST_PRICE,0.3033
USSV0510INSTRUMENT,LAST_PRICE,0.277
USSV051INSTRUMENT,LAST_PRICE,0.3496
USSV0F1INSTRUMENT,LAST_PRICE,0.6911
USSV0F10INSTRUMENT,LAST_PRICE,0.4083
USSV0F5INSTRUMENT,LAST_PRICE,0.518
USSV0F30INSTRUMENT,LAST_PRICE,0.3278
USSV0F2INSTRUMENT,LAST_PRICE,0.6121
USSV0F20INSTRUMENT,LAST_PRICE,0.339
USSV0F15INSTRUMENT,LAST_PRICE,0.352
USSV0C1INSTRUMENT,LAST_PRICE,0.6433
USSV0C10INSTRUMENT,LAST_PRICE,0.4255
USSV0C5INSTRUMENT,LAST_PRICE,0.547
USSV0C30INSTRUMENT,LAST_PRICE,0.3366
USSV0C2INSTRUMENT,LAST_PRICE,0.6174
USSV0C20INSTRUMENT,LAST_PRICE,0.3433
USSV0C15INSTRUMENT,LAST_PRICE,0.361
USSV05CINSTRUMENT,LAST_PRICE,0.3628
USSV15CINSTRUMENT,LAST_PRICE,0.23974999999999996
USSV03CINSTRUMENT,LAST_PRICE,0.54405
USSV04CINSTRUMENT,LAST_PRICE,0.4336249999999999
USSV02CINSTRUMENT,LAST_PRICE,0.7081500000000001
USSV0CCINSTRUMENT,LAST_PRICE,0.662725
USSV01CINSTRUMENT,LAST_PRICE,0.77115
USSV30CINSTRUMENT,LAST_PRICE,0.22925
USSV20CINSTRUMENT,LAST_PRICE,0.22725
USSV0FCINSTRUMENT,LAST_PRICE,0.7503500000000001
USSV10CINSTRUMENT,LAST_PRICE,0.25702499999999995
# Swaption Strike,,
USFS1515STRIKE,LAST_PRICE,0.0347
USFS2020STRIKE,LAST_PRICE,0.033
USFS3030STRIKE,LAST_PRICE,0.0261
USFS0CCSTRIKE,LAST_PRICE,0.0044
USFS055STRIKE,LAST_PRICE,0.0344
USFS022STRIKE,LAST_PRICE,0.0149
USFS1010STRIKE,LAST_PRICE,0.037
USFS011STRIKE,LAST_PRICE,0.007
USFS0F2STRIKE,LAST_PRICE,0.0073
USFS045STRIKE,LAST_PRICE,0.0318
USFS032STRIKE,LAST_PRICE,0.0216
USFS0420STRIKE,LAST_PRICE,0.0351
USFS031STRIKE,LAST_PRICE,0.0186
USFS0F1STRIKE,LAST_PRICE,0.0056
USFS0C10STRIKE,LAST_PRICE,0.024
USFS10CSTRIKE,LAST_PRICE,0.0376
USFS1530STRIKE,LAST_PRICE,0.0329
USFS3015STRIKE,LAST_PRICE,0.0306
USFS0520STRIKE,LAST_PRICE,0.0358
USFS205STRIKE,LAST_PRICE,0.0348
USFS021STRIKE,LAST_PRICE,0.0118
USFS012STRIKE,LAST_PRICE,0.0092
USFS30CSTRIKE,LAST_PRICE,0.0324
USFS0C30STRIKE,LAST_PRICE,0.0306
USFS015STRIKE,LAST_PRICE,0.0183
USFS051STRIKE,LAST_PRICE,0.0299
USFS0220STRIKE,LAST_PRICE,0.0323
USFS202STRIKE,LAST_PRICE,0.035
USFS041STRIKE,LAST_PRICE,0.0246
USFS1015STRIKE,LAST_PRICE,0.0365
USFS1510STRIKE,LAST_PRICE,0.0355
USFS0F20STRIKE,LAST_PRICE,0.0299
USFS0320STRIKE,LAST_PRICE,0.034
USFS1030STRIKE,LAST_PRICE,0.0348
USFS3010STRIKE,LAST_PRICE,0.031
USFS035STRIKE,LAST_PRICE,0.0281
USFS042STRIKE,LAST_PRICE,0.0272
USFS0F5STRIKE,LAST_PRICE,0.0157
USFS0C15STRIKE,LAST_PRICE,0.028
USFS15CSTRIKE,LAST_PRICE,0.0357
USFS0120STRIKE,LAST_PRICE,0.0308
USFS201STRIKE,LAST_PRICE,0.035
USFS052STRIKE,LAST_PRICE,0.0316
USFS025STRIKE,LAST_PRICE,0.0233
USFS0F10STRIKE,LAST_PRICE,0.0248
USFS0310STRIKE,LAST_PRICE,0.0325
USFS305STRIKE,LAST_PRICE,0.0317
USFS2015STRIKE,LAST_PRICE,0.0337
USFS0530STRIKE,LAST_PRICE,0.0352
USFS1520STRIKE,LAST_PRICE,0.0342
USFS0C1STRIKE,LAST_PRICE,0.0053
USFS01CSTRIKE,LAST_PRICE,0.0058
USFS102STRIKE,LAST_PRICE,0.0387
USFS0210STRIKE,LAST_PRICE,0.0297
USFS0430STRIKE,LAST_PRICE,0.0348
USFS0110STRIKE,LAST_PRICE,0.0265
USFS0415STRIKE,LAST_PRICE,0.0352
USFS101STRIKE,LAST_PRICE,0.0383
USFS03CSTRIKE,LAST_PRICE,0.0161
USFS0FCSTRIKE,LAST_PRICE,0.0049
USFS2030STRIKE,LAST_PRICE,0.032
USFS155STRIKE,LAST_PRICE,0.0357
USFS3020STRIKE,LAST_PRICE,0.0301
USFS0515STRIKE,LAST_PRICE,0.0361
USFS02CSTRIKE,LAST_PRICE,0.0095
USFS0C2STRIKE,LAST_PRICE,0.0065
USFS0C5STRIKE,LAST_PRICE,0.0145
USFS05CSTRIKE,LAST_PRICE,0.0282
USFS152STRIKE,LAST_PRICE,0.0362
USFS0215STRIKE,LAST_PRICE,0.0319
USFS0130STRIKE,LAST_PRICE,0.0316
USFS301STRIKE,LAST_PRICE,0.0322
USFS04CSTRIKE,LAST_PRICE,0.0229
USFS0315STRIKE,LAST_PRICE,0.0338
USFS0F15STRIKE,LAST_PRICE,0.0286
USFS1020STRIKE,LAST_PRICE,0.036
USFS2010STRIKE,LAST_PRICE,0.0344
USFS0F30STRIKE,LAST_PRICE,0.0309
USFS0330STRIKE,LAST_PRICE,0.0339
USFS105STRIKE,LAST_PRICE,0.0383
USFS0510STRIKE,LAST_PRICE,0.0361
USFS20CSTRIKE,LAST_PRICE,0.0351
USFS0C20STRIKE,LAST_PRICE,0.0295
USFS0230STRIKE,LAST_PRICE,0.0327
USFS302STRIKE,LAST_PRICE,0.0321
USFS151STRIKE,LAST_PRICE,0.037
USFS0115STRIKE,LAST_PRICE,0.0297
USFS0410STRIKE,LAST_PRICE,0.0347
#FXOption surface,,
EURUSD25B1WFXVOL,LAST_PRICE,0.00155
EURUSD25R1WFXVOL,LAST_PRICE,-0.00415
EURUSD15B1WFXVOL,LAST_PRICE,0.0035
EURUSD15R1WFXVOL,LAST_PRICE,-0.005875
EURUSDV1WFXVOL,LAST_PRICE,0.086775
EURUSD25B2WFXVOL,LAST_PRICE,0.001475
EURUSD25R2WFXVOL,LAST_PRICE,-0.005625
EURUSD15B2WFXVOL,LAST_PRICE,0.0033
EURUSD15R2WFXVOL,LAST_PRICE,-0.008425
EURUSDV2WFXVOL,LAST_PRICE,0.0852
EURUSD25B3WFXVOL,LAST_PRICE,0.00165
EURUSD25R3WFXVOL,LAST_PRICE,-0.007125
EURUSD15B3WFXVOL,LAST_PRICE,0.00365
EURUSD15R3WFXVOL,LAST_PRICE,-0.010675
EURUSDV3WFXVOL,LAST_PRICE,0.08825
EURUSD25B1MFXVOL,LAST_PRICE,0.0016
EURUSD25R1MFXVOL,LAST_PRICE,-0.008275
EURUSD15B1MFXVOL,LAST_PRICE,0.003625
EURUSD15R1MFXVOL,LAST_PRICE,-0.01215
EURUSDV1MFXVOL,LAST_PRICE,0.0886
EURUSD25B3MFXVOL,LAST_PRICE,0.00275
EURUSD25R3MFXVOL,LAST_PRICE,-0.0154
EURUSD15B3MFXVOL,LAST_PRICE,0.00645
EURUSD15R3MFXVOL,LAST_PRICE,-0.02295
EURUSDV3MFXVOL,LAST_PRICE,0.09985
EURUSD25B6MFXVOL,LAST_PRICE,0.003625
EURUSD25R6MFXVOL,LAST_PRICE,-0.01985
EURUSD15B6MFXVOL,LAST_PRICE,0.0087
EURUSD15R6MFXVOL,LAST_PRICE,-0.029875
EURUSDV6MFXVOL,LAST_PRICE,0.108
EURUSD25B9MFXVOL,LAST_PRICE,0.00475
EURUSD25R9MFXVOL,LAST_PRICE,-0.022525
EURUSD15B9MFXVOL,LAST_PRICE,0.010325
EURUSD15R9MFXVOL,LAST_PRICE,-0.034175
EURUSDV9MFXVOL,LAST_PRICE,0.1127
EURUSD25B1YFXVOL,LAST_PRICE,0.00445
EURUSD25R1YFXVOL,LAST_PRICE,-0.02325
EURUSD15B1YFXVOL,LAST_PRICE,0.010775
EURUSD15R1YFXVOL,LAST_PRICE,-0.035275
EURUSDV1YFXVOL,LAST_PRICE,0.1154
EURUSD25B5YFXVOL,LAST_PRICE,0.003475
EURUSD25R5YFXVOL,LAST_PRICE,-0.021825
EURUSD15B5YFXVOL,LAST_PRICE,0.00905
EURUSD15R5YFXVOL,LAST_PRICE,-0.034
EURUSDV5YFXVOL,LAST_PRICE,0.117925
EURUSD25B10YFXVOL,LAST_PRICE,0.0031
EURUSD25R10YFXVOL,LAST_PRICE,-0.0212
EURUSD15B10YFXVOL,LAST_PRICE,0.008275
EURUSD15R10YFXVOL,LAST_PRICE,-0.035425
EURUSDV10YFXVOL,LAST_PRICE,0.1183
GBPUSD25B1WFXVOL,LAST_PRICE,0.00155
GBPUSD25R1WFXVOL,LAST_PRICE,-0.00415
GBPUSD15B1WFXVOL,LAST_PRICE,0.0035
GBPUSD15R1WFXVOL,LAST_PRICE,-0.005875
GBPUSDV1WFXVOL,LAST_PRICE,0.086775
GBPUSD25B2WFXVOL,LAST_PRICE,0.001475
GBPUSD25R2WFXVOL,LAST_PRICE,-0.005625
GBPUSD15B2WFXVOL,LAST_PRICE,0.0033
GBPUSD15R2WFXVOL,LAST_PRICE,-0.008425
GBPUSDV2WFXVOL,LAST_PRICE,0.0852
GBPUSD25B3WFXVOL,LAST_PRICE,0.00165
GBPUSD25R3WFXVOL,LAST_PRICE,-0.007125
GBPUSD15B3WFXVOL,LAST_PRICE,0.00365
GBPUSD15R3WFXVOL,LAST_PRICE,-0.010675
GBPUSDV3WFXVOL,LAST_PRICE,0.08825
GBPUSD25B1MFXVOL,LAST_PRICE,0.0016
GBPUSD25R1MFXVOL,LAST_PRICE,-0.008275
GBPUSD15B1MFXVOL,LAST_PRICE,0.003625
GBPUSD15R1MFXVOL,LAST_PRICE,-0.01215
GBPUSDV1MFXVOL,LAST_PRICE,0.0886
GBPUSD25B3MFXVOL,LAST_PRICE,0.00275
GBPUSD25R3MFXVOL,LAST_PRICE,-0.0154
GBPUSD15B3MFXVOL,LAST_PRICE,0.00645
GBPUSD15R3MFXVOL,LAST_PRICE,-0.02295
GBPUSDV3MFXVOL,LAST_PRICE,0.09985
GBPUSD25B6MFXVOL,LAST_PRICE,0.003625
GBPUSD25R6MFXVOL,LAST_PRICE,-0.01985
GBPUSD15B6MFXVOL,LAST_PRICE,0.0087
GBPUSD15R6MFXVOL,LAST_PRICE,-0.029875
GBPUSDV6MFXVOL,LAST_PRICE,0.108
GBPUSD25B9MFXVOL,LAST_PRICE,0.00475
GBPUSD25R9MFXVOL,LAST_PRICE,-0.022525
GBPUSD15B9MFXVOL,LAST_PRICE,0.010325
GBPUSD15R9MFXVOL,LAST_PRICE,-0.034175
GBPUSDV9MFXVOL,LAST_PRICE,0.1127
GBPUSD25B1YFXVOL,LAST_PRICE,0.00445
GBPUSD25R1YFXVOL,LAST_PRICE,-0.02325
GBPUSD15B1YFXVOL,LAST_PRICE,0.010775
GBPUSD15R1YFXVOL,LAST_PRICE,-0.035275
GBPUSDV1YFXVOL,LAST_PRICE,0.1154
GBPUSD25B5YFXVOL,LAST_PRICE,0.003475
GBPUSD25R5YFXVOL,LAST_PRICE,-0.021825
GBPUSD15B5YFXVOL,LAST_PRICE,0.00905
GBPUSD15R5YFXVOL,LAST_PRICE,-0.034
GBPUSDV5YFXVOL,LAST_PRICE,0.117925
GBPUSD25B10YFXVOL,LAST_PRICE,0.0031
GBPUSD25R10YFXVOL,LAST_PRICE,-0.0212
GBPUSD15B10YFXVOL,LAST_PRICE,0.008275
GBPUSD15R10YFXVOL,LAST_PRICE,-0.035425
GBPUSDV10YFXVOL,LAST_PRICE,0.1183
CHFJPY25B1WFXVOL,LAST_PRICE,0.00155
CHFJPY25R1WFXVOL,LAST_PRICE,-0.00415
CHFJPY15B1WFXVOL,LAST_PRICE,0.0035
CHFJPY15R1WFXVOL,LAST_PRICE,-0.005875
CHFJPYV1WFXVOL,LAST_PRICE,0.086775
CHFJPY25B2WFXVOL,LAST_PRICE,0.001475
CHFJPY25R2WFXVOL,LAST_PRICE,-0.005625
CHFJPY15B2WFXVOL,LAST_PRICE,0.0033
CHFJPY15R2WFXVOL,LAST_PRICE,-0.008425
CHFJPYV2WFXVOL,LAST_PRICE,0.0852
CHFJPY25B3WFXVOL,LAST_PRICE,0.00165
CHFJPY25R3WFXVOL,LAST_PRICE,-0.007125
CHFJPY15B3WFXVOL,LAST_PRICE,0.00365
CHFJPY15R3WFXVOL,LAST_PRICE,-0.010675
CHFJPYV3WFXVOL,LAST_PRICE,0.08825
CHFJPY25B1MFXVOL,LAST_PRICE,0.0016
CHFJPY25R1MFXVOL,LAST_PRICE,-0.008275
CHFJPY15B1MFXVOL,LAST_PRICE,0.003625
CHFJPY15R1MFXVOL,LAST_PRICE,-0.01215
CHFJPYV1MFXVOL,LAST_PRICE,0.0886
CHFJPY25B3MFXVOL,LAST_PRICE,0.00275
CHFJPY25R3MFXVOL,LAST_PRICE,-0.0154
CHFJPY15B3MFXVOL,LAST_PRICE,0.00645
CHFJPY15R3MFXVOL,LAST_PRICE,-0.02295
CHFJPYV3MFXVOL,LAST_PRICE,0.09985
CHFJPY25B6MFXVOL,LAST_PRICE,0.003625
CHFJPY25R6MFXVOL,LAST_PRICE,-0.01985
CHFJPY15B6MFXVOL,LAST_PRICE,0.0087
CHFJPY15R6MFXVOL,LAST_PRICE,-0.029875
CHFJPYV6MFXVOL,LAST_PRICE,0.108
CHFJPY25B9MFXVOL,LAST_PRICE,0.00475
CHFJPY25R9MFXVOL,LAST_PRICE,-0.022525
CHFJPY15B9MFXVOL,LAST_PRICE,0.010325
CHFJPY15R9MFXVOL,LAST_PRICE,-0.034175
CHFJPYV9MFXVOL,LAST_PRICE,0.1127
CHFJPY25B1YFXVOL,LAST_PRICE,0.00445
CHFJPY25R1YFXVOL,LAST_PRICE,-0.02325
CHFJPY15B1YFXVOL,LAST_PRICE,0.010775
CHFJPY15R1YFXVOL,LAST_PRICE,-0.035275
CHFJPYV1YFXVOL,LAST_PRICE,0.1154
CHFJPY25B5YFXVOL,LAST_PRICE,0.003475
CHFJPY25R5YFXVOL,LAST_PRICE,-0.021825
CHFJPY15B5YFXVOL,LAST_PRICE,0.00905
CHFJPY15R5YFXVOL,LAST_PRICE,-0.034
CHFJPYV5YFXVOL,LAST_PRICE,0.117925
CHFJPY25B10YFXVOL,LAST_PRICE,0.0031
CHFJPY25R10YFXVOL,LAST_PRICE,-0.0212
CHFJPY15B10YFXVOL,LAST_PRICE,0.008275
CHFJPY15R10YFXVOL,LAST_PRICE,-0.035425
CHFJPYV10YFXVOL,LAST_PRICE,0.1183
AUDUSD25B1WFXVOL,LAST_PRICE,0.00155
AUDUSD25R1WFXVOL,LAST_PRICE,-0.00415
AUDUSD15B1WFXVOL,LAST_PRICE,0.0035
AUDUSD15R1WFXVOL,LAST_PRICE,-0.005875
AUDUSDV1WFXVOL,LAST_PRICE,0.086775
AUDUSD25B2WFXVOL,LAST_PRICE,0.001475
AUDUSD25R2WFXVOL,LAST_PRICE,-0.005625
AUDUSD15B2WFXVOL,LAST_PRICE,0.0033
AUDUSD15R2WFXVOL,LAST_PRICE,-0.008425
AUDUSDV2WFXVOL,LAST_PRICE,0.0852
AUDUSD25B3WFXVOL,LAST_PRICE,0.00165
AUDUSD25R3WFXVOL,LAST_PRICE,-0.007125
AUDUSD15B3WFXVOL,LAST_PRICE,0.00365
AUDUSD15R3WFXVOL,LAST_PRICE,-0.010675
AUDUSDV3WFXVOL,LAST_PRICE,0.08825
AUDUSD25B1MFXVOL,LAST_PRICE,0.0016
AUDUSD25R1MFXVOL,LAST_PRICE,-0.008275
AUDUSD15B1MFXVOL,LAST_PRICE,0.003625
AUDUSD15R1MFXVOL,LAST_PRICE,-0.01215
AUDUSDV1MFXVOL,LAST_PRICE,0.0886
AUDUSD25B3MFXVOL,LAST_PRICE,0.00275
AUDUSD25R3MFXVOL,LAST_PRICE,-0.0154
AUDUSD15B3MFXVOL,LAST_PRICE,0.00645
AUDUSD15R3MFXVOL,LAST_PRICE,-0.02295
AUDUSDV3MFXVOL,LAST_PRICE,0.09985
AUDUSD25B6MFXVOL,LAST_PRICE,0.003625
AUDUSD25R6MFXVOL,LAST_PRICE,-0.01985
AUDUSD15B6MFXVOL,LAST_PRICE,0.0087
AUDUSD15R6MFXVOL,LAST_PRICE,-0.029875
AUDUSDV6MFXVOL,LAST_PRICE,0.108
AUDUSD25B9MFXVOL,LAST_PRICE,0.00475
AUDUSD25R9MFXVOL,LAST_PRICE,-0.022525
AUDUSD15B9MFXVOL,LAST_PRICE,0.010325
AUDUSD15R9MFXVOL,LAST_PRICE,-0.034175
AUDUSDV9MFXVOL,LAST_PRICE,0.1127
AUDUSD25B1YFXVOL,LAST_PRICE,0.00445
AUDUSD25R1YFXVOL,LAST_PRICE,-0.02325
AUDUSD15B1YFXVOL,LAST_PRICE,0.010775
AUDUSD15R1YFXVOL,LAST_PRICE,-0.035275
AUDUSDV1YFXVOL,LAST_PRICE,0.1154
AUDUSD25B5YFXVOL,LAST_PRICE,0.003475
AUDUSD25R5YFXVOL,LAST_PRICE,-0.021825
AUDUSD15B5YFXVOL,LAST_PRICE,0.00905
AUDUSD15R5YFXVOL,LAST_PRICE,-0.034
AUDUSDV5YFXVOL,LAST_PRICE,0.117925
AUDUSD25B10YFXVOL,LAST_PRICE,0.0031
AUDUSD25R10YFXVOL,LAST_PRICE,-0.0212
AUDUSD15B10YFXVOL,LAST_PRICE,0.008275
AUDUSD15R10YFXVOL,LAST_PRICE,-0.035425
AUDUSDV10YFXVOL,LAST_PRICE,0.1183
CHFUSD25B1WFXVOL,LAST_PRICE,0.00155
CHFUSD25R1WFXVOL,LAST_PRICE,-0.00415
CHFUSD15B1WFXVOL,LAST_PRICE,0.0035
CHFUSD15R1WFXVOL,LAST_PRICE,-0.005875
CHFUSDV1WFXVOL,LAST_PRICE,0.086775
CHFUSD25B2WFXVOL,LAST_PRICE,0.001475
CHFUSD25R2WFXVOL,LAST_PRICE,-0.005625
CHFUSD15B2WFXVOL,LAST_PRICE,0.0033
CHFUSD15R2WFXVOL,LAST_PRICE,-0.008425
CHFUSDV2WFXVOL,LAST_PRICE,0.0852
CHFUSD25B3WFXVOL,LAST_PRICE,0.00165
CHFUSD25R3WFXVOL,LAST_PRICE,-0.007125
CHFUSD15B3WFXVOL,LAST_PRICE,0.00365
CHFUSD15R3WFXVOL,LAST_PRICE,-0.010675
CHFUSDV3WFXVOL,LAST_PRICE,0.08825
CHFUSD25B1MFXVOL,LAST_PRICE,0.0016
CHFUSD25R1MFXVOL,LAST_PRICE,-0.008275
CHFUSD15B1MFXVOL,LAST_PRICE,0.003625
CHFUSD15R1MFXVOL,LAST_PRICE,-0.01215
CHFUSDV1MFXVOL,LAST_PRICE,0.0886
CHFUSD25B3MFXVOL,LAST_PRICE,0.00275
CHFUSD25R3MFXVOL,LAST_PRICE,-0.0154
CHFUSD15B3MFXVOL,LAST_PRICE,0.00645
CHFUSD15R3MFXVOL,LAST_PRICE,-0.02295
CHFUSDV3MFXVOL,LAST_PRICE,0.09985
CHFUSD25B6MFXVOL,LAST_PRICE,0.003625
CHFUSD25R6MFXVOL,LAST_PRICE,-0.01985
CHFUSD15B6MFXVOL,LAST_PRICE,0.0087
CHFUSD15R6MFXVOL,LAST_PRICE,-0.029875
CHFUSDV6MFXVOL,LAST_PRICE,0.108
CHFUSD25B9MFXVOL,LAST_PRICE,0.00475
CHFUSD25R9MFXVOL,LAST_PRICE,-0.022525
CHFUSD15B9MFXVOL,LAST_PRICE,0.010325
CHFUSD15R9MFXVOL,LAST_PRICE,-0.034175
CHFUSDV9MFXVOL,LAST_PRICE,0.1127
CHFUSD25B1YFXVOL,LAST_PRICE,0.00445
CHFUSD25R1YFXVOL,LAST_PRICE,-0.02325
CHFUSD15B1YFXVOL,LAST_PRICE,0.010775
CHFUSD15R1YFXVOL,LAST_PRICE,-0.035275
CHFUSDV1YFXVOL,LAST_PRICE,0.1154
CHFUSD25B5YFXVOL,LAST_PRICE,0.003475
CHFUSD25R5YFXVOL,LAST_PRICE,-0.021825
CHFUSD15B5YFXVOL,LAST_PRICE,0.00905
CHFUSD15R5YFXVOL,LAST_PRICE,-0.034
CHFUSDV5YFXVOL,LAST_PRICE,0.117925
CHFUSD25B10YFXVOL,LAST_PRICE,0.0031
CHFUSD25R10YFXVOL,LAST_PRICE,-0.0212
CHFUSD15B10YFXVOL,LAST_PRICE,0.008275
CHFUSD15R10YFXVOL,LAST_PRICE,-0.035425
CHFUSDV10YFXVOL,LAST_PRICE,0.1183
EURGBP25B1WFXVOL,LAST_PRICE,0.00155
EURGBP25R1WFXVOL,LAST_PRICE,-0.00415
EURGBP15B1WFXVOL,LAST_PRICE,0.0035
EURGBP15R1WFXVOL,LAST_PRICE,-0.005875
EURGBPV1WFXVOL,LAST_PRICE,0.086775
EURGBP25B2WFXVOL,LAST_PRICE,0.001475
EURGBP25R2WFXVOL,LAST_PRICE,-0.005625
EURGBP15B2WFXVOL,LAST_PRICE,0.0033
EURGBP15R2WFXVOL,LAST_PRICE,-0.008425
EURGBPV2WFXVOL,LAST_PRICE,0.0852
EURGBP25B3WFXVOL,LAST_PRICE,0.00165
EURGBP25R3WFXVOL,LAST_PRICE,-0.007125
EURGBP15B3WFXVOL,LAST_PRICE,0.00365
EURGBP15R3WFXVOL,LAST_PRICE,-0.010675
EURGBPV3WFXVOL,LAST_PRICE,0.08825
EURGBP25B1MFXVOL,LAST_PRICE,0.0016
EURGBP25R1MFXVOL,LAST_PRICE,-0.008275
EURGBP15B1MFXVOL,LAST_PRICE,0.003625
EURGBP15R1MFXVOL,LAST_PRICE,-0.01215
EURGBPV1MFXVOL,LAST_PRICE,0.0886
EURGBP25B3MFXVOL,LAST_PRICE,0.00275
EURGBP25R3MFXVOL,LAST_PRICE,-0.0154
EURGBP15B3MFXVOL,LAST_PRICE,0.00645
EURGBP15R3MFXVOL,LAST_PRICE,-0.02295
EURGBPV3MFXVOL,LAST_PRICE,0.09985
EURGBP25B6MFXVOL,LAST_PRICE,0.003625
EURGBP25R6MFXVOL,LAST_PRICE,-0.01985
EURGBP15B6MFXVOL,LAST_PRICE,0.0087
EURGBP15R6MFXVOL,LAST_PRICE,-0.029875
EURGBPV6MFXVOL,LAST_PRICE,0.108
EURGBP25B9MFXVOL,LAST_PRICE,0.00475
EURGBP25R9MFXVOL,LAST_PRICE,-0.022525
EURGBP15B9MFXVOL,LAST_PRICE,0.010325
EURGBP15R9MFXVOL,LAST_PRICE,-0.034175
EURGBPV9MFXVOL,LAST_PRICE,0.1127
EURGBP25B1YFXVOL,LAST_PRICE,0.00445
EURGBP25R1YFXVOL,LAST_PRICE,-0.02325
EURGBP15B1YFXVOL,LAST_PRICE,0.010775
EURGBP15R1YFXVOL,LAST_PRICE,-0.035275
EURGBPV1YFXVOL,LAST_PRICE,0.1154
EURGBP25B5YFXVOL,LAST_PRICE,0.003475
EURGBP25R5YFXVOL,LAST_PRICE,-0.021825
EURGBP15B5YFXVOL,LAST_PRICE,0.00905
EURGBP15R5YFXVOL,LAST_PRICE,-0.034
EURGBPV5YFXVOL,LAST_PRICE,0.117925
EURGBP25B10YFXVOL,LAST_PRICE,0.0031
EURGBP25R10YFXVOL,LAST_PRICE,-0.0212
EURGBP15B10YFXVOL,LAST_PRICE,0.008275
EURGBP15R10YFXVOL,LAST_PRICE,-0.035425
EURGBPV10YFXVOL,LAST_PRICE,0.1183
JPYUSD25B1WFXVOL,LAST_PRICE,0.00155
JPYUSD25R1WFXVOL,LAST_PRICE,-0.00415
JPYUSD15B1WFXVOL,LAST_PRICE,0.0035
JPYUSD15R1WFXVOL,LAST_PRICE,-0.005875
JPYUSDV1WFXVOL,LAST_PRICE,0.086775
JPYUSD25B2WFXVOL,LAST_PRICE,0.001475
JPYUSD25R2WFXVOL,LAST_PRICE,-0.005625
JPYUSD15B2WFXVOL,LAST_PRICE,0.0033
JPYUSD15R2WFXVOL,LAST_PRICE,-0.008425
JPYUSDV2WFXVOL,LAST_PRICE,0.0852
JPYUSD25B3WFXVOL,LAST_PRICE,0.00165
JPYUSD25R3WFXVOL,LAST_PRICE,-0.007125
JPYUSD15B3WFXVOL,LAST_PRICE,0.00365
JPYUSD15R3WFXVOL,LAST_PRICE,-0.010675
JPYUSDV3WFXVOL,LAST_PRICE,0.08825
JPYUSD25B1MFXVOL,LAST_PRICE,0.0016
JPYUSD25R1MFXVOL,LAST_PRICE,-0.008275
JPYUSD15B1MFXVOL,LAST_PRICE,0.003625
JPYUSD15R1MFXVOL,LAST_PRICE,-0.01215
JPYUSDV1MFXVOL,LAST_PRICE,0.0886
JPYUSD25B3MFXVOL,LAST_PRICE,0.00275
JPYUSD25R3MFXVOL,LAST_PRICE,-0.0154
JPYUSD15B3MFXVOL,LAST_PRICE,0.00645
JPYUSD15R3MFXVOL,LAST_PRICE,-0.02295
JPYUSDV3MFXVOL,LAST_PRICE,0.09985
JPYUSD25B6MFXVOL,LAST_PRICE,0.003625
JPYUSD25R6MFXVOL,LAST_PRICE,-0.01985
JPYUSD15B6MFXVOL,LAST_PRICE,0.0087
JPYUSD15R6MFXVOL,LAST_PRICE,-0.029875
JPYUSDV6MFXVOL,LAST_PRICE,0.108
JPYUSD25B9MFXVOL,LAST_PRICE,0.00475
JPYUSD25R9MFXVOL,LAST_PRICE,-0.022525
JPYUSD15B9MFXVOL,LAST_PRICE,0.010325
JPYUSD15R9MFXVOL,LAST_PRICE,-0.034175
JPYUSDV9MFXVOL,LAST_PRICE,0.1127
JPYUSD25B1YFXVOL,LAST_PRICE,0.00445
JPYUSD25R1YFXVOL,LAST_PRICE,-0.02325
JPYUSD15B1YFXVOL,LAST_PRICE,0.010775
JPYUSD15R1YFXVOL,LAST_PRICE,-0.035275
JPYUSDV1YFXVOL,LAST_PRICE,0.1154
JPYUSD25B5YFXVOL,LAST_PRICE,0.003475
JPYUSD25R5YFXVOL,LAST_PRICE,-0.021825
JPYUSD15B5YFXVOL,LAST_PRICE,0.00905
JPYUSD15R5YFXVOL,LAST_PRICE,-0.034
JPYUSDV5YFXVOL,LAST_PRICE,0.117925
JPYUSD25B10YFXVOL,LAST_PRICE,0.0031
JPYUSD25R10YFXVOL,LAST_PRICE,-0.0212
JPYUSD15B10YFXVOL,LAST_PRICE,0.008275
JPYUSD15R10YFXVOL,LAST_PRICE,-0.035425
JPYUSDV10YFXVOL,LAST_PRICE,0.1183
#EquityOption Volatility,,
DJX_IDX06/16/12C50.0EQOPTIONVOL,LAST_PRICE,82.19255
DJX_IDX06/16/12C55.0EQOPTIONVOL,LAST_PRICE,73.79939
DJX_IDX06/16/12C60.0EQOPTIONVOL,LAST_PRICE,66.15524
DJX_IDX06/16/12C65.0EQOPTIONVOL,LAST_PRICE,59.13495
DJX_IDX06/16/12C70.0EQOPTIONVOL,LAST_PRICE,52.64373
DJX_IDX06/16/12C75.0EQOPTIONVOL,LAST_PRICE,51.99509
DJX_IDX06/16/12C80.0EQOPTIONVOL,LAST_PRICE,46.17637
DJX_IDX06/16/12C85.0EQOPTIONVOL,LAST_PRICE,42.33086
DJX_IDX06/16/12C90.0EQOPTIONVOL,LAST_PRICE,37.07072
DJX_IDX06/16/12C95.0EQOPTIONVOL,LAST_PRICE,34.25301
DJX_IDX06/16/12C100.0EQOPTIONVOL,LAST_PRICE,30.85827
DJX_IDX06/16/12C105.0EQOPTIONVOL,LAST_PRICE,27.6444
DJX_IDX06/16/12C110.0EQOPTIONVOL,LAST_PRICE,25.04301
DJX_IDX06/16/12C115.0EQOPTIONVOL,LAST_PRICE,22.26551
DJX_IDX06/16/12C120.0EQOPTIONVOL,LAST_PRICE,18.95235
DJX_IDX06/16/12C125.0EQOPTIONVOL,LAST_PRICE,16.50174
DJX_IDX06/16/12C130.0EQOPTIONVOL,LAST_PRICE,14.25057
DJX_IDX06/16/12P135.0EQOPTIONVOL,LAST_PRICE,12.14387
DJX_IDX06/16/12P140.0EQOPTIONVOL,LAST_PRICE,9.872657
DJX_IDX12/22/12C80.0EQOPTIONVOL,LAST_PRICE,34.89852
DJX_IDX12/22/12C85.0EQOPTIONVOL,LAST_PRICE,32.51822
DJX_IDX12/22/12C90.0EQOPTIONVOL,LAST_PRICE,30.7195
DJX_IDX12/22/12C95.0EQOPTIONVOL,LAST_PRICE,28.72324
DJX_IDX12/22/12C100.0EQOPTIONVOL,LAST_PRICE,26.80372
DJX_IDX12/22/12C105.0EQOPTIONVOL,LAST_PRICE,24.95539
DJX_IDX12/22/12C110.0EQOPTIONVOL,LAST_PRICE,22.96633
DJX_IDX12/22/12C115.0EQOPTIONVOL,LAST_PRICE,21.38226
DJX_IDX12/22/12C120.0EQOPTIONVOL,LAST_PRICE,19.77586
DJX_IDX12/22/12C125.0EQOPTIONVOL,LAST_PRICE,18.15718
DJX_IDX12/22/12C130.0EQOPTIONVOL,LAST_PRICE,16.65064
DJX_IDX12/22/12P135.0EQOPTIONVOL,LAST_PRICE,15.23776
DJX_IDX12/22/12P140.0EQOPTIONVOL,LAST_PRICE,13.93521
DJX_IDX12/22/12P145.0EQOPTIONVOL,LAST_PRICE,13.10987
DJX_IDX12/22/12P150.0EQOPTIONVOL,LAST_PRICE,11.8909
DJX_IDX06/22/13C75.0EQOPTIONVOL,LAST_PRICE,34.52432
DJX_IDX06/22/13C80.0EQOPTIONVOL,LAST_PRICE,32.57972
DJX_IDX06/22/13C85.0EQOPTIONVOL,LAST_PRICE,30.83491
DJX_IDX06/22/13C90.0EQOPTIONVOL,LAST_PRICE,29.08956
DJX_IDX06/22/13C95.0EQOPTIONVOL,LAST_PRICE,27.23021
DJX_IDX06/22/13C100.0EQOPTIONVOL,LAST_PRICE,26.00964
DJX_IDX06/22/13C105.0EQOPTIONVOL,LAST_PRICE,24.5032
DJX_IDX06/22/13C110.0EQOPTIONVOL,LAST_PRICE,23.15668
DJX_IDX06/22/13C115.0EQOPTIONVOL,LAST_PRICE,21.70337
DJX_IDX06/22/13C120.0EQOPTIONVOL,LAST_PRICE,20.38802
DJX_IDX06/22/13C125.0EQOPTIONVOL,LAST_PRICE,19.14655
DJX_IDX06/22/13C130.0EQOPTIONVOL,LAST_PRICE,17.88025
DJX_IDX06/22/13P135.0EQOPTIONVOL,LAST_PRICE,16.83482
DJX_IDX06/22/13P140.0EQOPTIONVOL,LAST_PRICE,15.65862
DJX_IDX06/22/13P145.0EQOPTIONVOL,LAST_PRICE,14.69881
DJX_IDX06/22/13P150.0EQOPTIONVOL,LAST_PRICE,14.14144
#Swaption ATM Surface,,
JPYATMSWAPTION0C01,LAST_PRICE,0.10
JPYATMSWAPTION0C02,LAST_PRICE,0.11
JPYATMSWAPTION0C03,LAST_PRICE,0.12
JPYATMSWAPTION0C05,LAST_PRICE,0.13
JPYATMSWAPTION0C07,LAST_PRICE,0.14 
JPYATMSWAPTION0C10,LAST_PRICE,0.15 
JPYATMSWAPTION0C12,LAST_PRICE,0.16 
JPYATMSWAPTION0C15,LAST_PRICE,0.17
JPYATMSWAPTION0C20,LAST_PRICE,0.18
JPYATMSWAPTION0C30,LAST_PRICE,0.19
JPYATMSWAPTION0F01,LAST_PRICE,0.10
JPYATMSWAPTION0F02,LAST_PRICE,0.11
JPYATMSWAPTION0F03,LAST_PRICE,0.12
JPYATMSWAPTION0F05,LAST_PRICE,0.13
JPYATMSWAPTION0F07,LAST_PRICE,0.14 
JPYATMSWAPTION0F10,LAST_PRICE,0.15 
JPYATMSWAPTION0F12,LAST_PRICE,0.16 
JPYATMSWAPTION0F15,LAST_PRICE,0.17
JPYATMSWAPTION0F20,LAST_PRICE,0.18
JPYATMSWAPTION0F30,LAST_PRICE,0.19
JPYATMSWAPTION0101,LAST_PRICE,0.10
JPYATMSWAPTION0102,LAST_PRICE,0.11
JPYATMSWAPTION0103,LAST_PRICE,0.12
JPYATMSWAPTION0105,LAST_PRICE,0.13
JPYATMSWAPTION0107,LAST_PRICE,0.14
JPYATMSWAPTION0110,LAST_PRICE,0.15
JPYATMSWAPTION0112,LAST_PRICE,0.16
JPYATMSWAPTION0115,LAST_PRICE,0.17
JPYATMSWAPTION0120,LAST_PRICE,0.18
JPYATMSWAPTION0130,LAST_PRICE,0.19
JPYATMSWAPTION0201,LAST_PRICE,0.10
JPYATMSWAPTION0202,LAST_PRICE,0.11 
JPYATMSWAPTION0203,LAST_PRICE,0.12 
JPYATMSWAPTION0205,LAST_PRICE,0.13 
JPYATMSWAPTION0207,LAST_PRICE,0.14 
JPYATMSWAPTION0210,LAST_PRICE,0.15 
JPYATMSWAPTION0212,LAST_PRICE,0.16 
JPYATMSWAPTION0215,LAST_PRICE,0.17 
JPYATMSWAPTION0220,LAST_PRICE,0.18 
JPYATMSWAPTION0230,LAST_PRICE,0.19 
JPYATMSWAPTION0301,LAST_PRICE,0.10 
JPYATMSWAPTION0302,LAST_PRICE,0.11 
JPYATMSWAPTION0303,LAST_PRICE,0.12 
JPYATMSWAPTION0305,LAST_PRICE,0.13 
JPYATMSWAPTION0307,LAST_PRICE,0.14 
JPYATMSWAPTION0310,LAST_PRICE,0.15 
JPYATMSWAPTION0312,LAST_PRICE,0.16 
JPYATMSWAPTION0315,LAST_PRICE,0.17 
JPYATMSWAPTION0320,LAST_PRICE,0.18 
JPYATMSWAPTION0330,LAST_PRICE,0.19 
JPYATMSWAPTION0501,LAST_PRICE,0.10 
JPYATMSWAPTION0502,LAST_PRICE,0.11 
JPYATMSWAPTION0503,LAST_PRICE,0.12 
JPYATMSWAPTION0505,LAST_PRICE,0.13 
JPYATMSWAPTION0507,LAST_PRICE,0.14 
JPYATMSWAPTION0510,LAST_PRICE,0.15 
JPYATMSWAPTION0512,LAST_PRICE,0.16 
JPYATMSWAPTION0515,LAST_PRICE,0.17 
JPYATMSWAPTION0520,LAST_PRICE,0.18 
JPYATMSWAPTION0530,LAST_PRICE,0.19 
JPYATMSWAPTION1001,LAST_PRICE,0.10 
JPYATMSWAPTION1002,LAST_PRICE,0.11 
JPYATMSWAPTION1003,LAST_PRICE,0.12 
JPYATMSWAPTION1005,LAST_PRICE,0.13 
JPYATMSWAPTION1007,LAST_PRICE,0.14 
JPYATMSWAPTION1010,LAST_PRICE,0.15 
JPYATMSWAPTION1012,LAST_PRICE,0.16 
JPYATMSWAPTION1015,LAST_PRICE,0.17 
JPYATMSWAPTION1020,LAST_PRICE,0.18 
JPYATMSWAPTION1030,LAST_PRICE,0.19
USDATMSWAPTION0C01,LAST_PRICE,0.10
USDATMSWAPTION0C02,LAST_PRICE,0.11
USDATMSWAPTION0C03,LAST_PRICE,0.12
USDATMSWAPTION0C05,LAST_PRICE,0.13
USDATMSWAPTION0C07,LAST_PRICE,0.14 
USDATMSWAPTION0C10,LAST_PRICE,0.15 
USDATMSWAPTION0C12,LAST_PRICE,0.16 
USDATMSWAPTION0C15,LAST_PRICE,0.17
USDATMSWAPTION0C20,LAST_PRICE,0.18
USDATMSWAPTION0C30,LAST_PRICE,0.19
USDATMSWAPTION0F01,LAST_PRICE,0.10
USDATMSWAPTION0F02,LAST_PRICE,0.11
USDATMSWAPTION0F03,LAST_PRICE,0.12
USDATMSWAPTION0F05,LAST_PRICE,0.13
USDATMSWAPTION0F07,LAST_PRICE,0.14 
USDATMSWAPTION0F10,LAST_PRICE,0.15 
USDATMSWAPTION0F12,LAST_PRICE,0.16 
USDATMSWAPTION0F15,LAST_PRICE,0.17
USDATMSWAPTION0F20,LAST_PRICE,0.18
USDATMSWAPTION0F30,LAST_PRICE,0.19
USDATMSWAPTION0101,LAST_PRICE,0.10
USDATMSWAPTION0102,LAST_PRICE,0.11
USDATMSWAPTION0103,LAST_PRICE,0.12
USDATMSWAPTION0105,LAST_PRICE,0.13
USDATMSWAPTION0107,LAST_PRICE,0.14
USDATMSWAPTION0110,LAST_PRICE,0.15
USDATMSWAPTION0112,LAST_PRICE,0.16
USDATMSWAPTION0115,LAST_PRICE,0.17
USDATMSWAPTION0120,LAST_PRICE,0.18
USDATMSWAPTION0130,LAST_PRICE,0.19
USDATMSWAPTION0201,LAST_PRICE,0.10
USDATMSWAPTION0202,LAST_PRICE,0.11 
USDATMSWAPTION0203,LAST_PRICE,0.12 
USDATMSWAPTION0205,LAST_PRICE,0.13 
USDATMSWAPTION0207,LAST_PRICE,0.14 
USDATMSWAPTION0210,LAST_PRICE,0.15 
USDATMSWAPTION0212,LAST_PRICE,0.16 
USDATMSWAPTION0215,LAST_PRICE,0.17 
USDATMSWAPTION0220,LAST_PRICE,0.18 
USDATMSWAPTION0230,LAST_PRICE,0.19 
USDATMSWAPTION0301,LAST_PRICE,0.10 
USDATMSWAPTION0302,LAST_PRICE,0.11 
USDATMSWAPTION0303,LAST_PRICE,0.12 
USDATMSWAPTION0305,LAST_PRICE,0.13 
USDATMSWAPTION0307,LAST_PRICE,0.14 
USDATMSWAPTION0310,LAST_PRICE,0.15 
USDATMSWAPTION0312,LAST_PRICE,0.16 
USDATMSWAPTION0315,LAST_PRICE,0.17 
USDATMSWAPTION0320,LAST_PRICE,0.18 
USDATMSWAPTION0330,LAST_PRICE,0.19 
USDATMSWAPTION0501,LAST_PRICE,0.10 
USDATMSWAPTION0502,LAST_PRICE,0.11 
USDATMSWAPTION0503,LAST_PRICE,0.12 
USDATMSWAPTION0505,LAST_PRICE,0.13 
USDATMSWAPTION0507,LAST_PRICE,0.14 
USDATMSWAPTION0510,LAST_PRICE,0.15 
USDATMSWAPTION0512,LAST_PRICE,0.16 
USDATMSWAPTION0515,LAST_PRICE,0.17 
USDATMSWAPTION0520,LAST_PRICE,0.18 
USDATMSWAPTION0530,LAST_PRICE,0.19 
USDATMSWAPTION1001,LAST_PRICE,0.10 
USDATMSWAPTION1002,LAST_PRICE,0.11 
USDATMSWAPTION1003,LAST_PRICE,0.12 
USDATMSWAPTION1005,LAST_PRICE,0.13 
USDATMSWAPTION1007,LAST_PRICE,0.14 
USDATMSWAPTION1010,LAST_PRICE,0.15 
USDATMSWAPTION1012,LAST_PRICE,0.16 
USDATMSWAPTION1015,LAST_PRICE,0.17 
USDATMSWAPTION1020,LAST_PRICE,0.18 
USDATMSWAPTION1030,LAST_PRICE,0.19
CHFATMSWAPTION0C01,LAST_PRICE,0.10
CHFATMSWAPTION0C02,LAST_PRICE,0.11
CHFATMSWAPTION0C03,LAST_PRICE,0.12
CHFATMSWAPTION0C05,LAST_PRICE,0.13
CHFATMSWAPTION0C07,LAST_PRICE,0.14 
CHFATMSWAPTION0C10,LAST_PRICE,0.15 
CHFATMSWAPTION0C12,LAST_PRICE,0.16 
CHFATMSWAPTION0C15,LAST_PRICE,0.17
CHFATMSWAPTION0C20,LAST_PRICE,0.18
CHFATMSWAPTION0C30,LAST_PRICE,0.19
CHFATMSWAPTION0F01,LAST_PRICE,0.10
CHFATMSWAPTION0F02,LAST_PRICE,0.11
CHFATMSWAPTION0F03,LAST_PRICE,0.12
CHFATMSWAPTION0F05,LAST_PRICE,0.13
CHFATMSWAPTION0F07,LAST_PRICE,0.14 
CHFATMSWAPTION0F10,LAST_PRICE,0.15 
CHFATMSWAPTION0F12,LAST_PRICE,0.16 
CHFATMSWAPTION0F15,LAST_PRICE,0.17
CHFATMSWAPTION0F20,LAST_PRICE,0.18
CHFATMSWAPTION0F30,LAST_PRICE,0.19
CHFATMSWAPTION0101,LAST_PRICE,0.10
CHFATMSWAPTION0102,LAST_PRICE,0.11
CHFATMSWAPTION0103,LAST_PRICE,0.12
CHFATMSWAPTION0105,LAST_PRICE,0.13
CHFATMSWAPTION0107,LAST_PRICE,0.14
CHFATMSWAPTION0110,LAST_PRICE,0.15
CHFATMSWAPTION0112,LAST_PRICE,0.16
CHFATMSWAPTION0115,LAST_PRICE,0.17
CHFATMSWAPTION0120,LAST_PRICE,0.18
CHFATMSWAPTION0130,LAST_PRICE,0.19
CHFATMSWAPTION0201,LAST_PRICE,0.10
CHFATMSWAPTION0202,LAST_PRICE,0.11 
CHFATMSWAPTION0203,LAST_PRICE,0.12 
CHFATMSWAPTION0205,LAST_PRICE,0.13 
CHFATMSWAPTION0207,LAST_PRICE,0.14 
CHFATMSWAPTION0210,LAST_PRICE,0.15 
CHFATMSWAPTION0212,LAST_PRICE,0.16 
CHFATMSWAPTION0215,LAST_PRICE,0.17 
CHFATMSWAPTION0220,LAST_PRICE,0.18 
CHFATMSWAPTION0230,LAST_PRICE,0.19 
CHFATMSWAPTION0301,LAST_PRICE,0.10 
CHFATMSWAPTION0302,LAST_PRICE,0.11 
CHFATMSWAPTION0303,LAST_PRICE,0.12 
CHFATMSWAPTION0305,LAST_PRICE,0.13 
CHFATMSWAPTION0307,LAST_PRICE,0.14 
CHFATMSWAPTION0310,LAST_PRICE,0.15 
CHFATMSWAPTION0312,LAST_PRICE,0.16 
CHFATMSWAPTION0315,LAST_PRICE,0.17 
CHFATMSWAPTION0320,LAST_PRICE,0.18 
CHFATMSWAPTION0330,LAST_PRICE,0.19 
CHFATMSWAPTION0501,LAST_PRICE,0.10 
CHFATMSWAPTION0502,LAST_PRICE,0.11 
CHFATMSWAPTION0503,LAST_PRICE,0.12 
CHFATMSWAPTION0505,LAST_PRICE,0.13 
CHFATMSWAPTION0507,LAST_PRICE,0.14 
CHFATMSWAPTION0510,LAST_PRICE,0.15 
CHFATMSWAPTION0512,LAST_PRICE,0.16 
CHFATMSWAPTION0515,LAST_PRICE,0.17 
CHFATMSWAPTION0520,LAST_PRICE,0.18 
CHFATMSWAPTION0530,LAST_PRICE,0.19 
CHFATMSWAPTION1001,LAST_PRICE,0.10 
CHFATMSWAPTION1002,LAST_PRICE,0.11 
CHFATMSWAPTION1003,LAST_PRICE,0.12 
CHFATMSWAPTION1005,LAST_PRICE,0.13 
CHFATMSWAPTION1007,LAST_PRICE,0.14 
CHFATMSWAPTION1010,LAST_PRICE,0.15 
CHFATMSWAPTION1012,LAST_PRICE,0.16 
CHFATMSWAPTION1015,LAST_PRICE,0.17 
CHFATMSWAPTION1020,LAST_PRICE,0.18 
CHFATMSWAPTION1030,LAST_PRICE,0.19
EURATMSWAPTION0C01,LAST_PRICE,0.10
EURATMSWAPTION0C02,LAST_PRICE,0.11
EURATMSWAPTION0C03,LAST_PRICE,0.12
EURATMSWAPTION0C05,LAST_PRICE,0.13
EURATMSWAPTION0C07,LAST_PRICE,0.14 
EURATMSWAPTION0C10,LAST_PRICE,0.15 
EURATMSWAPTION0C12,LAST_PRICE,0.16 
EURATMSWAPTION0C15,LAST_PRICE,0.17
EURATMSWAPTION0C20,LAST_PRICE,0.18
EURATMSWAPTION0C30,LAST_PRICE,0.19
EURATMSWAPTION0F01,LAST_PRICE,0.10
EURATMSWAPTION0F02,LAST_PRICE,0.11
EURATMSWAPTION0F03,LAST_PRICE,0.12
EURATMSWAPTION0F05,LAST_PRICE,0.13
EURATMSWAPTION0F07,LAST_PRICE,0.14 
EURATMSWAPTION0F10,LAST_PRICE,0.15 
EURATMSWAPTION0F12,LAST_PRICE,0.16 
EURATMSWAPTION0F15,LAST_PRICE,0.17
EURATMSWAPTION0F20,LAST_PRICE,0.18
EURATMSWAPTION0F30,LAST_PRICE,0.19
EURATMSWAPTION0101,LAST_PRICE,0.10
EURATMSWAPTION0102,LAST_PRICE,0.11
EURATMSWAPTION0103,LAST_PRICE,0.12
EURATMSWAPTION0105,LAST_PRICE,0.13
EURATMSWAPTION0107,LAST_PRICE,0.14
EURATMSWAPTION0110,LAST_PRICE,0.15
EURATMSWAPTION0112,LAST_PRICE,0.16
EURATMSWAPTION0115,LAST_PRICE,0.17
EURATMSWAPTION0120,LAST_PRICE,0.18
EURATMSWAPTION0130,LAST_PRICE,0.19
EURATMSWAPTION0201,LAST_PRICE,0.10
EURATMSWAPTION0202,LAST_PRICE,0.11 
EURATMSWAPTION0203,LAST_PRICE,0.12 
EURATMSWAPTION0205,LAST_PRICE,0.13 
EURATMSWAPTION0207,LAST_PRICE,0.14 
EURATMSWAPTION0210,LAST_PRICE,0.15 
EURATMSWAPTION0212,LAST_PRICE,0.16 
EURATMSWAPTION0215,LAST_PRICE,0.17 
EURATMSWAPTION0220,LAST_PRICE,0.18 
EURATMSWAPTION0230,LAST_PRICE,0.19 
EURATMSWAPTION0301,LAST_PRICE,0.10 
EURATMSWAPTION0302,LAST_PRICE,0.11 
EURATMSWAPTION0303,LAST_PRICE,0.12 
EURATMSWAPTION0305,LAST_PRICE,0.13 
EURATMSWAPTION0307,LAST_PRICE,0.14 
EURATMSWAPTION0310,LAST_PRICE,0.15 
EURATMSWAPTION0312,LAST_PRICE,0.16 
EURATMSWAPTION0315,LAST_PRICE,0.17 
EURATMSWAPTION0320,LAST_PRICE,0.18 
EURATMSWAPTION0330,LAST_PRICE,0.19 
EURATMSWAPTION0501,LAST_PRICE,0.10 
EURATMSWAPTION0502,LAST_PRICE,0.11 
EURATMSWAPTION0503,LAST_PRICE,0.12 
EURATMSWAPTION0505,LAST_PRICE,0.13 
EURATMSWAPTION0507,LAST_PRICE,0.14 
EURATMSWAPTION0510,LAST_PRICE,0.15 
EURATMSWAPTION0512,LAST_PRICE,0.16 
EURATMSWAPTION0515,LAST_PRICE,0.17 
EURATMSWAPTION0520,LAST_PRICE,0.18 
EURATMSWAPTION0530,LAST_PRICE,0.19 
EURATMSWAPTION1001,LAST_PRICE,0.10 
EURATMSWAPTION1002,LAST_PRICE,0.11 
EURATMSWAPTION1003,LAST_PRICE,0.12 
EURATMSWAPTION1005,LAST_PRICE,0.13 
EURATMSWAPTION1007,LAST_PRICE,0.14 
EURATMSWAPTION1010,LAST_PRICE,0.15 
EURATMSWAPTION1012,LAST_PRICE,0.16 
EURATMSWAPTION1015,LAST_PRICE,0.17 
EURATMSWAPTION1020,LAST_PRICE,0.18 
EURATMSWAPTION1030,LAST_PRICE,0.19
GBPATMSWAPTION0C01,LAST_PRICE,0.10
GBPATMSWAPTION0C02,LAST_PRICE,0.11
GBPATMSWAPTION0C03,LAST_PRICE,0.12
GBPATMSWAPTION0C05,LAST_PRICE,0.13
GBPATMSWAPTION0C07,LAST_PRICE,0.14 
GBPATMSWAPTION0C10,LAST_PRICE,0.15 
GBPATMSWAPTION0C12,LAST_PRICE,0.16 
GBPATMSWAPTION0C15,LAST_PRICE,0.17
GBPATMSWAPTION0C20,LAST_PRICE,0.18
GBPATMSWAPTION0C30,LAST_PRICE,0.19
GBPATMSWAPTION0F01,LAST_PRICE,0.10
GBPATMSWAPTION0F02,LAST_PRICE,0.11
GBPATMSWAPTION0F03,LAST_PRICE,0.12
GBPATMSWAPTION0F05,LAST_PRICE,0.13
GBPATMSWAPTION0F07,LAST_PRICE,0.14 
GBPATMSWAPTION0F10,LAST_PRICE,0.15 
GBPATMSWAPTION0F12,LAST_PRICE,0.16 
GBPATMSWAPTION0F15,LAST_PRICE,0.17
GBPATMSWAPTION0F20,LAST_PRICE,0.18
GBPATMSWAPTION0F30,LAST_PRICE,0.19
GBPATMSWAPTION0101,LAST_PRICE,0.10
GBPATMSWAPTION0102,LAST_PRICE,0.11
GBPATMSWAPTION0103,LAST_PRICE,0.12
GBPATMSWAPTION0105,LAST_PRICE,0.13
GBPATMSWAPTION0107,LAST_PRICE,0.14
GBPATMSWAPTION0110,LAST_PRICE,0.15
GBPATMSWAPTION0112,LAST_PRICE,0.16
GBPATMSWAPTION0115,LAST_PRICE,0.17
GBPATMSWAPTION0120,LAST_PRICE,0.18
GBPATMSWAPTION0130,LAST_PRICE,0.19
GBPATMSWAPTION0201,LAST_PRICE,0.10
GBPATMSWAPTION0202,LAST_PRICE,0.11 
GBPATMSWAPTION0203,LAST_PRICE,0.12 
GBPATMSWAPTION0205,LAST_PRICE,0.13 
GBPATMSWAPTION0207,LAST_PRICE,0.14 
GBPATMSWAPTION0210,LAST_PRICE,0.15 
GBPATMSWAPTION0212,LAST_PRICE,0.16 
GBPATMSWAPTION0215,LAST_PRICE,0.17 
GBPATMSWAPTION0220,LAST_PRICE,0.18 
GBPATMSWAPTION0230,LAST_PRICE,0.19 
GBPATMSWAPTION0301,LAST_PRICE,0.10 
GBPATMSWAPTION0302,LAST_PRICE,0.11 
GBPATMSWAPTION0303,LAST_PRICE,0.12 
GBPATMSWAPTION0305,LAST_PRICE,0.13 
GBPATMSWAPTION0307,LAST_PRICE,0.14 
GBPATMSWAPTION0310,LAST_PRICE,0.15 
GBPATMSWAPTION0312,LAST_PRICE,0.16 
GBPATMSWAPTION0315,LAST_PRICE,0.17 
GBPATMSWAPTION0320,LAST_PRICE,0.18 
GBPATMSWAPTION0330,LAST_PRICE,0.19 
GBPATMSWAPTION0501,LAST_PRICE,0.10 
GBPATMSWAPTION0502,LAST_PRICE,0.11 
GBPATMSWAPTION0503,LAST_PRICE,0.12 
GBPATMSWAPTION0505,LAST_PRICE,0.13 
GBPATMSWAPTION0507,LAST_PRICE,0.14 
GBPATMSWAPTION0510,LAST_PRICE,0.15 
GBPATMSWAPTION0512,LAST_PRICE,0.16 
GBPATMSWAPTION0515,LAST_PRICE,0.17 
GBPATMSWAPTION0520,LAST_PRICE,0.18 
GBPATMSWAPTION0530,LAST_PRICE,0.19 
GBPATMSWAPTION1001,LAST_PRICE,0.10 
GBPATMSWAPTION1002,LAST_PRICE,0.11 
GBPATMSWAPTION1003,LAST_PRICE,0.12 
GBPATMSWAPTION1005,LAST_PRICE,0.13 
GBPATMSWAPTION1007,LAST_PRICE,0.14 
GBPATMSWAPTION1010,LAST_PRICE,0.15 
GBPATMSWAPTION1012,LAST_PRICE,0.16 
GBPATMSWAPTION1015,LAST_PRICE,0.17 
GBPATMSWAPTION1020,LAST_PRICE,0.18 
GBPATMSWAPTION1030,LAST_PRICE,0.19
#FX Forwards,,
EURUSD1WFXFORWARD,LAST_PRICE,0.0001
EURUSD2WFXFORWARD,LAST_PRICE,0.00015
EURUSD3WFXFORWARD,LAST_PRICE,0.0002
EURUSD1MFXFORWARD,LAST_PRICE,0.0007
EURUSD3MFXFORWARD,LAST_PRICE,0.0012
EURUSD6MFXFORWARD,LAST_PRICE,0.0015
EURUSD9MFXFORWARD,LAST_PRICE,0.0027
EURUSD1YFXFORWARD,LAST_PRICE,0.0036
EURUSD2YFXFORWARD,LAST_PRICE,0.0100
EURUSD3YFXFORWARD,LAST_PRICE,0.0300
EURUSD4YFXFORWARD,LAST_PRICE,0.0600
EURUSD5YFXFORWARD,LAST_PRICE,0.0669
EURUSD6YFXFORWARD,LAST_PRICE,0.0700
EURUSD7YFXFORWARD,LAST_PRICE,0.0800
EURUSD8YFXFORWARD,LAST_PRICE,0.0850
EURUSD9YFXFORWARD,LAST_PRICE,0.1100
EURUSD10YFXFORWARD,LAST_PRICE,0.1200
JPYUSD1WFXFORWARD,LAST_PRICE,-0.0001
JPYUSD2WFXFORWARD,LAST_PRICE,-0.00015
JPYUSD3WFXFORWARD,LAST_PRICE,-0.0002
JPYUSD1MFXFORWARD,LAST_PRICE,-0.0007
JPYUSD3MFXFORWARD,LAST_PRICE,-0.0012
JPYUSD6MFXFORWARD,LAST_PRICE,-0.0015
JPYUSD9MFXFORWARD,LAST_PRICE,-0.0027
JPYUSD1YFXFORWARD,LAST_PRICE,-0.0040
JPYUSD2YFXFORWARD,LAST_PRICE,-0.0100
JPYUSD3YFXFORWARD,LAST_PRICE,-0.0300
JPYUSD4YFXFORWARD,LAST_PRICE,-0.0330
JPYUSD5YFXFORWARD,LAST_PRICE,-0.0400
JPYUSD6YFXFORWARD,LAST_PRICE,-0.0460
JPYUSD7YFXFORWARD,LAST_PRICE,-0.0520
JPYUSD8YFXFORWARD,LAST_PRICE,-0.0630
JPYUSD9YFXFORWARD,LAST_PRICE,-0.0600
JPYUSD10YFXFORWARD,LAST_PRICE,-0.2500
CHFUSD1WFXFORWARD,LAST_PRICE,-0.00005
CHFUSD2WFXFORWARD,LAST_PRICE,-0.0001
CHFUSD3WFXFORWARD,LAST_PRICE,-0.0002
CHFUSD1MFXFORWARD,LAST_PRICE,-0.0006
CHFUSD3MFXFORWARD,LAST_PRICE,-0.0010
CHFUSD6MFXFORWARD,LAST_PRICE,-0.0013
CHFUSD9MFXFORWARD,LAST_PRICE,-0.0020
CHFUSD1YFXFORWARD,LAST_PRICE,0.0050
CHFUSD2YFXFORWARD,LAST_PRICE,0.0100
CHFUSD3YFXFORWARD,LAST_PRICE,0.0240
CHFUSD4YFXFORWARD,LAST_PRICE,0.0350
CHFUSD5YFXFORWARD,LAST_PRICE,0.0420
CHFUSD6YFXFORWARD,LAST_PRICE,0.0560
CHFUSD7YFXFORWARD,LAST_PRICE,0.0790
CHFUSD8YFXFORWARD,LAST_PRICE,0.0800
CHFUSD9YFXFORWARD,LAST_PRICE,0.0850
CHFUSD10YFXFORWARD,LAST_PRICE,-0.0900
AUDUSD1WFXFORWARD,LAST_PRICE,-0.00005
AUDUSD2WFXFORWARD,LAST_PRICE,-0.00013
AUDUSD3WFXFORWARD,LAST_PRICE,-0.00022
AUDUSD1MFXFORWARD,LAST_PRICE,-0.0003
AUDUSD3MFXFORWARD,LAST_PRICE,-0.0012
AUDUSD6MFXFORWARD,LAST_PRICE,-0.0012
AUDUSD9MFXFORWARD,LAST_PRICE,-0.0030
AUDUSD1YFXFORWARD,LAST_PRICE,-0.0070
AUDUSD2YFXFORWARD,LAST_PRICE,-0.0150
AUDUSD3YFXFORWARD,LAST_PRICE,-0.0210
AUDUSD4YFXFORWARD,LAST_PRICE,-0.0290
AUDUSD5YFXFORWARD,LAST_PRICE,-0.0480
AUDUSD6YFXFORWARD,LAST_PRICE,-0.0650
AUDUSD7YFXFORWARD,LAST_PRICE,-0.0730
AUDUSD8YFXFORWARD,LAST_PRICE,-0.0770
AUDUSD9YFXFORWARD,LAST_PRICE,-0.0890
AUDUSD10YFXFORWARD,LAST_PRICE,-0.1000
GBPUSD1WFXFORWARD,LAST_PRICE,-0.00005
GBPUSD2WFXFORWARD,LAST_PRICE,-0.00013
GBPUSD3WFXFORWARD,LAST_PRICE,-0.00022
GBPUSD1MFXFORWARD,LAST_PRICE,-0.0003
GBPUSD3MFXFORWARD,LAST_PRICE,-0.0012
GBPUSD6MFXFORWARD,LAST_PRICE,-0.0017
GBPUSD9MFXFORWARD,LAST_PRICE,0.0030
GBPUSD1YFXFORWARD,LAST_PRICE,0.0070
GBPUSD2YFXFORWARD,LAST_PRICE,0.0150
GBPUSD3YFXFORWARD,LAST_PRICE,0.0210
GBPUSD4YFXFORWARD,LAST_PRICE,0.0290
GBPUSD5YFXFORWARD,LAST_PRICE,0.0480
GBPUSD6YFXFORWARD,LAST_PRICE,0.0650
GBPUSD7YFXFORWARD,LAST_PRICE,0.0730
GBPUSD8YFXFORWARD,LAST_PRICE,0.0770
GBPUSD9YFXFORWARD,LAST_PRICE,0.0890
GBPUSD10YFXFORWARD,LAST_PRICE,0.1000
#Equity options,,
AAPL/2013-10-14 C 440.0,LAST_PRICE,0.59
AAPL/2013-10-14 C 445.0,LAST_PRICE,0.45
AAPL/2013-10-14 C 460.0,LAST_PRICE,1.39
AAPL/2013-10-14 P 435.0,LAST_PRICE,0.72
AAPL/2013-10-14 P 400.0,LAST_PRICE,0.68
AAPL/2013-10-22 C 505.0,LAST_PRICE,0.65
AAPL/2013-10-19 C 640.0,LAST_PRICE,3.95
AAPL/2013-11-20 C 510.0,LAST_PRICE,0.995
AAPL/2013-11-22 C 605.0,LAST_PRICE,1.86
#Index options,,
SPX,LAST_PRICE,1648.31
SPX/2013-11-18 P 1300.0,LAST_PRICE,104.6
SPX/2013-10-18 P 1300.0,LAST_PRICE,98.5
SPX/2013-11-18 P 1325.0,LAST_PRICE,123.5
SPX/2013-12-18 P 1325.0,LAST_PRICE,178.97
SPX/2013-12-18 P 1250.0,LAST_PRICE,78.99
VIX,LAST_PRICE,14.39
RUO,LAST_PRICE,1017.48
ES/14M,LAST_PRICE,1637.75
ES/14U,LAST_PRICE,1631.50
ES/14Z,LAST_PRICE,1600.50
TF/14M,LAST_PRICE,1009.00
TF/14U,LAST_PRICE,2000.00
SP/14M,LAST_PRICE,1624.50
SP/14U,LAST_PRICE,1600.50
#EURIBOR futures,,
ERH13,LAST_PRICE,0.9995
ERM13,LAST_PRICE,0.9993
ERU13,LAST_PRICE,0.9991
ERZ13,LAST_PRICE,0.999
ERH14,LAST_PRICE,0.9989
ERM14,LAST_PRICE,0.9988
ERU14,LAST_PRICE,0.99879
ERZ14,LAST_PRICE,0.99876
ERH15,LAST_PRICE,0.99845
ERM15,LAST_PRICE,0.9981
ERU15,LAST_PRICE,0.99805
ERZ15,LAST_PRICE,0.998
ERH16,LAST_PRICE,0.9889
ERM16,LAST_PRICE,0.9886
ERU16,LAST_PRICE,0.98855
ERZ16,LAST_PRICE,0.98847
ERH17,LAST_PRICE,0.98834
ERM17,LAST_PRICE,0.98813
ERU17,LAST_PRICE,0.98806
ERZ17,LAST_PRICE,0.98801
ERH18,LAST_PRICE,0.988
ERM18,LAST_PRICE,0.985
ERU18,LAST_PRICE,0.983
ERZ18,LAST_PRICE,0.9825
ERH19,LAST_PRICE,0.98178
ERM19,LAST_PRICE,0.98145
ERU19,LAST_PRICE,0.98132
ERZ19,LAST_PRICE,0.98129
ERH20,LAST_PRICE,0.98124
ERM20,LAST_PRICE,0.98115
ERU20,LAST_PRICE,0.98111
ERZ20,LAST_PRICE,0.98106
ERH21,LAST_PRICE,0.981
ERM21,LAST_PRICE,0.9804
ERU21,LAST_PRICE,0.9801
ERZ21,LAST_PRICE,0.9797
ERH22,LAST_PRICE,0.9792
ERM22,LAST_PRICE,0.9784
ERU22,LAST_PRICE,0.9764
ERZ22,LAST_PRICE,0.9745
ERH23,LAST_PRICE,0.9725
ERM23,LAST_PRICE,0.9711
ERU23,LAST_PRICE,0.9704
ERZ23,LAST_PRICE,0.97
<<<<<<< HEAD

=======
#Uganda bonds,,
UG0000000012,LAST_PRICE,0.04
UG0000000018,LAST_PRICE,0.044
UG0000000024,LAST_PRICE,0.047
UG0000000030,LAST_PRICE,0.049
UG0000000036,LAST_PRICE,0.050
UG0000000042,LAST_PRICE,0.051
UG0000000048,LAST_PRICE,0.053
UG0000000054,LAST_PRICE,0.056
UG0000000060,LAST_PRICE,0.060
UG0000000066,LAST_PRICE,0.066
UG0000000072,LAST_PRICE,0.069
UG0000000078,LAST_PRICE,0.071
UG0000000084,LAST_PRICE,0.073
UG0000000090,LAST_PRICE,0.074
UG0000000096,LAST_PRICE,0.078
UG0000000102,LAST_PRICE,0.080
UG0000000108,LAST_PRICE,0.086
UG0000000114,LAST_PRICE,0.096
UG0000000120,LAST_PRICE,0.10
UG0000000126,LAST_PRICE,0.11
>>>>>>> 7decf75... [PLAT-6345] Adding more outputs for equity and bond TRS
