Scheme,Identifier Value,Field,Value
#Equity,,,
OG_SYNTHETIC_TICKER,HD,CLOSE,35.625
OG_SYNTHETIC_TICKER,ARG,CLOSE,68.5
OG_SYNTHETIC_TICKER,IPG,CLOSE,12.1
OG_SYNTHETIC_TICKER,RSG,CLOSE,29.53
OG_SYNTHETIC_TICKER,M,CLOSE,29.19
OG_SYNTHETIC_TICKER,LEG,CLOSE,22.6
OG_SYNTHETIC_TICKER,TMO,CLOSE,60.03
OG_SYNTHETIC_TICKER,GCI,CLOSE,13.11
OG_SYNTHETIC_TICKER,AIZ,CLOSE,34.89
OG_SYNTHETIC_TICKER,MOT,CLOSE,44.32
OG_SYNTHETIC_TICKER,ETFC,CLOSE,15.495
OG_SYNTHETIC_TICKER,GPC,CLOSE,53.33
OG_SYNTHETIC_TICKER,NWL,CLOSE,14.68
OG_SYNTHETIC_TICKER,ED,CLOSE,53.18
OG_SYNTHETIC_TICKER,LUK,CLOSE,33.02
OG_SYNTHETIC_TICKER,YHOO,CLOSE,13.585
OG_SYNTHETIC_TICKER,SHLD,CLOSE,70.81
OG_SYNTHETIC_TICKER,AET,CLOSE,41.72
OG_SYNTHETIC_TICKER,DNB,CLOSE,72.76
OG_SYNTHETIC_TICKER,ANF,CLOSE,73.6
OG_SYNTHETIC_TICKER,COH,CLOSE,64.05
OG_SYNTHETIC_TICKER,LUV,CLOSE,9.94
OG_SYNTHETIC_TICKER,LLTC,CLOSE,30.1
OG_SYNTHETIC_TICKER,YUM,CLOSE,52.4
OG_SYNTHETIC_TICKER,NEE,CLOSE,56.65
OG_SYNTHETIC_TICKER,S,CLOSE,5.16
OG_SYNTHETIC_TICKER,MCO,CLOSE,35.45
OG_SYNTHETIC_TICKER,KO,CLOSE,68.69
OG_SYNTHETIC_TICKER,FO,CLOSE,61.06
OG_SYNTHETIC_TICKER,ADBE,CLOSE,28.5
OG_SYNTHETIC_TICKER,LTD,CLOSE,37.48
OG_SYNTHETIC_TICKER,BDX,CLOSE,83.49
OG_SYNTHETIC_TICKER,SIAL,CLOSE,68.16
OG_SYNTHETIC_TICKER,HBAN,CLOSE,5.995
OG_SYNTHETIC_TICKER,AMD,CLOSE,7.51
OG_SYNTHETIC_TICKER,DE,CLOSE,79.42
OG_SYNTHETIC_TICKER,EQT,CLOSE,61.21
OG_SYNTHETIC_TICKER,HPQ,CLOSE,36.8
OG_SYNTHETIC_TICKER,L,CLOSE,40.12
OG_SYNTHETIC_TICKER,KEY,CLOSE,8.1
OG_SYNTHETIC_TICKER,CPB,CLOSE,33.24
OG_SYNTHETIC_TICKER,NBL,CLOSE,95.33
OG_SYNTHETIC_TICKER,HAR,CLOSE,42.9
OG_SYNTHETIC_TICKER,TXT,CLOSE,23.49
OG_SYNTHETIC_TICKER,GWW,CLOSE,148.76
OG_SYNTHETIC_TICKER,BF/B,CLOSE,74.11
OG_SYNTHETIC_TICKER,BAX,CLOSE,59.23
OG_SYNTHETIC_TICKER,OKE,CLOSE,73.84
OG_SYNTHETIC_TICKER,PKI,CLOSE,24.91
OG_SYNTHETIC_TICKER,SRE,CLOSE,51.44
OG_SYNTHETIC_TICKER,ABC,CLOSE,39.01
OG_SYNTHETIC_TICKER,WFR,CLOSE,7.57
OG_SYNTHETIC_TICKER,RF,CLOSE,6.13
OG_SYNTHETIC_TICKER,MAT,CLOSE,26.72
OG_SYNTHETIC_TICKER,PBI,CLOSE,21.78
OG_SYNTHETIC_TICKER,SYY,CLOSE,30.81
OG_SYNTHETIC_TICKER,MHS,CLOSE,63.12
OG_SYNTHETIC_TICKER,DO,CLOSE,69.22
OG_SYNTHETIC_TICKER,IFF,CLOSE,61.17
OG_SYNTHETIC_TICKER,RRC,CLOSE,64.3
OG_SYNTHETIC_TICKER,FIS,CLOSE,29.99
OG_SYNTHETIC_TICKER,MMM,CLOSE,88.08
OG_SYNTHETIC_TICKER,APA,CLOSE,124.52
OG_SYNTHETIC_TICKER,LH,CLOSE,90.16
OG_SYNTHETIC_TICKER,NRG,CLOSE,25.12
OG_SYNTHETIC_TICKER,CBG,CLOSE,22.92
OG_SYNTHETIC_TICKER,DPS,CLOSE,38.63
OG_SYNTHETIC_TICKER,WY,CLOSE,20.1
OG_SYNTHETIC_TICKER,DD,CLOSE,52.28
OG_SYNTHETIC_TICKER,ALL,CLOSE,27.63
OG_SYNTHETIC_TICKER,NDAQ,CLOSE,23.5
OG_SYNTHETIC_TICKER,MU,CLOSE,7.43
OG_SYNTHETIC_TICKER,WM,CLOSE,35.51
OG_SYNTHETIC_TICKER,AIV,CLOSE,26.8
OG_SYNTHETIC_TICKER,BMS,CLOSE,32.14
OG_SYNTHETIC_TICKER,PSA,CLOSE,119.19
OG_SYNTHETIC_TICKER,MMC,CLOSE,29.56
OG_SYNTHETIC_TICKER,OI,CLOSE,25.86
OG_SYNTHETIC_TICKER,PLD,CLOSE,34.25
OG_SYNTHETIC_TICKER,HRB,CLOSE,15.03
OG_SYNTHETIC_TICKER,VZ,CLOSE,36.21
OG_SYNTHETIC_TICKER,XRAY,CLOSE,37.43
OG_SYNTHETIC_TICKER,RTN,CLOSE,44.98
OG_SYNTHETIC_TICKER,CSX,CLOSE,24.68
OG_SYNTHETIC_TICKER,XRX,CLOSE,9.58
OG_SYNTHETIC_TICKER,JNJ,CLOSE,65.23
OG_SYNTHETIC_TICKER,FTR,CLOSE,7.51
OG_SYNTHETIC_TICKER,AIG,CLOSE,29.1
OG_SYNTHETIC_TICKER,AEE,CLOSE,29.77
OG_SYNTHETIC_TICKER,GR,CLOSE,94.38
OG_SYNTHETIC_TICKER,TWX,CLOSE,36.25
OG_SYNTHETIC_TICKER,CLX,CLOSE,73.63
OG_SYNTHETIC_TICKER,FAST,CLOSE,33.27
OG_SYNTHETIC_TICKER,APC,CLOSE,82.39
OG_SYNTHETIC_TICKER,FMC,CLOSE,88.63
OG_SYNTHETIC_TICKER,CFN,CLOSE,26.69
OG_SYNTHETIC_TICKER,STT,CLOSE,41.61
OG_SYNTHETIC_TICKER,CRM,CLOSE,145.39
OG_SYNTHETIC_TICKER,ATI,CLOSE,60.73
OG_SYNTHETIC_TICKER,PBCT,CLOSE,13.01
OG_SYNTHETIC_TICKER,AZO,CLOSE,289.15
OG_SYNTHETIC_TICKER,FTI,CLOSE,44.61
OG_SYNTHETIC_TICKER,MTB,CLOSE,87.14
OG_SYNTHETIC_TICKER,RDC,CLOSE,38.69
OG_SYNTHETIC_TICKER,FII,CLOSE,21.29
OG_SYNTHETIC_TICKER,EOG,CLOSE,104.07
OG_SYNTHETIC_TICKER,KLAC,CLOSE,41.77
OG_SYNTHETIC_TICKER,KG,CLOSE,14.24
OG_SYNTHETIC_TICKER,LEN,CLOSE,17.46
OG_SYNTHETIC_TICKER,GLW,CLOSE,16.04
OG_SYNTHETIC_TICKER,SYMC,CLOSE,18.415
OG_SYNTHETIC_TICKER,LLL,CLOSE,79.12
OG_SYNTHETIC_TICKER,VIA/B,CLOSE,49.29
OG_SYNTHETIC_TICKER,COG,CLOSE,70.96
OG_SYNTHETIC_TICKER,STI,CLOSE,24.65
OG_SYNTHETIC_TICKER,HAS,CLOSE,39.89
OG_SYNTHETIC_TICKER,AVP,CLOSE,27.74
OG_SYNTHETIC_TICKER,MDT,CLOSE,35.88
OG_SYNTHETIC_TICKER,WPI,CLOSE,68.41
OG_SYNTHETIC_TICKER,MYL,CLOSE,22.9
OG_SYNTHETIC_TICKER,ADM,CLOSE,31.01
OG_SYNTHETIC_TICKER,USB,CLOSE,26.22
OG_SYNTHETIC_TICKER,FDO,CLOSE,53.33
OG_SYNTHETIC_TICKER,GAS,CLOSE,55.08
OG_SYNTHETIC_TICKER,CNP,CLOSE,20.05
OG_SYNTHETIC_TICKER,PCS,CLOSE,16.45
OG_SYNTHETIC_TICKER,JCI,CLOSE,37.2
OG_SYNTHETIC_TICKER,ROK,CLOSE,77.07
OG_SYNTHETIC_TICKER,CI,CLOSE,50.01
OG_SYNTHETIC_TICKER,BHI,CLOSE,78.12
OG_SYNTHETIC_TICKER,FITB,CLOSE,12.7
OG_SYNTHETIC_TICKER,TRV,CLOSE,56.27
OG_SYNTHETIC_TICKER,OXY,CLOSE,101.4
OG_SYNTHETIC_TICKER,FLIR,CLOSE,27.68
OG_SYNTHETIC_TICKER,CEG,CLOSE,39.59
OG_SYNTHETIC_TICKER,LM,CLOSE,30.54
OG_SYNTHETIC_TICKER,ADI,CLOSE,34.85
OG_SYNTHETIC_TICKER,EQR,CLOSE,62.49
OG_SYNTHETIC_TICKER,CAG,CLOSE,25.78
OG_SYNTHETIC_TICKER,MCK,CLOSE,80.55
OG_SYNTHETIC_TICKER,SPG,CLOSE,119.21
OG_SYNTHETIC_TICKER,APH,CLOSE,49.18
OG_SYNTHETIC_TICKER,CMA,CLOSE,32.67
OG_SYNTHETIC_TICKER,SNDK,CLOSE,42
OG_SYNTHETIC_TICKER,ISRG,CLOSE,393.58
OG_SYNTHETIC_TICKER,DHI,CLOSE,11.6
OG_SYNTHETIC_TICKER,WMT,CLOSE,53.25
OG_SYNTHETIC_TICKER,WPO,CLOSE,419.82
OG_SYNTHETIC_TICKER,ORLY,CLOSE,61.45
OG_SYNTHETIC_TICKER,TDC,CLOSE,55.01
OG_SYNTHETIC_TICKER,PX,CLOSE,101.69
OG_SYNTHETIC_TICKER,BMY,CLOSE,28.61
OG_SYNTHETIC_TICKER,DELL,CLOSE,16.445
OG_SYNTHETIC_TICKER,FDX,CLOSE,89.14
OG_SYNTHETIC_TICKER,LMT,CLOSE,77.46
OG_SYNTHETIC_TICKER,AA,CLOSE,14.93
OG_SYNTHETIC_TICKER,SLM,CLOSE,15.57
OG_SYNTHETIC_TICKER,KMX,CLOSE,32.68
OG_SYNTHETIC_TICKER,TSS,CLOSE,19.13
OG_SYNTHETIC_TICKER,CAH,CLOSE,43.69
OG_SYNTHETIC_TICKER,AMT,CLOSE,51.22
OG_SYNTHETIC_TICKER,PHM,CLOSE,7
OG_SYNTHETIC_TICKER,DTV,CLOSE,51.44
OG_SYNTHETIC_TICKER,BBY,CLOSE,28.78
OG_SYNTHETIC_TICKER,ABT,CLOSE,51.83
OG_SYNTHETIC_TICKER,BSX,CLOSE,6.71
OG_SYNTHETIC_TICKER,DGX,CLOSE,54.42
OG_SYNTHETIC_TICKER,VMC,CLOSE,34.45
OG_SYNTHETIC_TICKER,SBUX,CLOSE,38.97
OG_SYNTHETIC_TICKER,WU,CLOSE,19.56
OG_SYNTHETIC_TICKER,QEP,CLOSE,43
OG_SYNTHETIC_TICKER,MON,CLOSE,73.9
OG_SYNTHETIC_TICKER,NSM,CLOSE,24.7
OG_SYNTHETIC_TICKER,UTX,CLOSE,83.74
OG_SYNTHETIC_TICKER,XOM,CLOSE,83.31
OG_SYNTHETIC_TICKER,NEM,CLOSE,57.32
OG_SYNTHETIC_TICKER,AMZN,CLOSE,222.518
OG_SYNTHETIC_TICKER,GS,CLOSE,134.72
OG_SYNTHETIC_TICKER,TER,CLOSE,13.76
OG_SYNTHETIC_TICKER,PPG,CLOSE,85
OG_SYNTHETIC_TICKER,BRK/B,CLOSE,74.69
OG_SYNTHETIC_TICKER,FSLR,CLOSE,116.6
OG_SYNTHETIC_TICKER,OMC,CLOSE,47.01
OG_SYNTHETIC_TICKER,PM,CLOSE,71.77
OG_SYNTHETIC_TICKER,TE,CLOSE,18.81
OG_SYNTHETIC_TICKER,EXPD,CLOSE,47.6
OG_SYNTHETIC_TICKER,SWY,CLOSE,20.33
OG_SYNTHETIC_TICKER,WLP,CLOSE,68.7
OG_SYNTHETIC_TICKER,MFE,CLOSE,47.95
OG_SYNTHETIC_TICKER,RRD,CLOSE,19.11
OG_SYNTHETIC_TICKER,MET,CLOSE,39.59
OG_SYNTHETIC_TICKER,NYT,CLOSE,8.66
OG_SYNTHETIC_TICKER,AMAT,CLOSE,12.64
OG_SYNTHETIC_TICKER,UNM,CLOSE,24.36
OG_SYNTHETIC_TICKER,SAI,CLOSE,16.23
OG_SYNTHETIC_TICKER,CBS,CLOSE,28.08
OG_SYNTHETIC_TICKER,POM,CLOSE,19.05
OG_SYNTHETIC_TICKER,SRCL,CLOSE,89.46
OG_SYNTHETIC_TICKER,GE,CLOSE,18.11
OG_SYNTHETIC_TICKER,EIX,CLOSE,38.85
OG_SYNTHETIC_TICKER,VFC,CLOSE,115.03
OG_SYNTHETIC_TICKER,FRX,CLOSE,37.37
OG_SYNTHETIC_TICKER,WEC,CLOSE,31.27
OG_SYNTHETIC_TICKER,TSN,CLOSE,17.61
OG_SYNTHETIC_TICKER,SLB,CLOSE,91.68
OG_SYNTHETIC_TICKER,JEC,CLOSE,39.84
OG_SYNTHETIC_TICKER,STJ,CLOSE,47.03
OG_SYNTHETIC_TICKER,VLO,CLOSE,25.44
OG_SYNTHETIC_TICKER,PCAR,CLOSE,43.85
OG_SYNTHETIC_TICKER,HOT,CLOSE,55.71
OG_SYNTHETIC_TICKER,MKC,CLOSE,49.04
OG_SYNTHETIC_TICKER,SEE,CLOSE,21.8
OG_SYNTHETIC_TICKER,PEP,CLOSE,63.86
OG_SYNTHETIC_TICKER,DVN,CLOSE,81.61
OG_SYNTHETIC_TICKER,RSH,CLOSE,14.46
OG_SYNTHETIC_TICKER,CERN,CLOSE,61.85
OG_SYNTHETIC_TICKER,PEG,CLOSE,33.24
OG_SYNTHETIC_TICKER,MA,CLOSE,303.09
OG_SYNTHETIC_TICKER,CEPH,CLOSE,80.16
OG_SYNTHETIC_TICKER,HAL,CLOSE,55.01
OG_SYNTHETIC_TICKER,NYX,CLOSE,34.24
OG_SYNTHETIC_TICKER,ADSK,CLOSE,34.9
OG_SYNTHETIC_TICKER,KFT,CLOSE,34.53
OG_SYNTHETIC_TICKER,HCP,CLOSE,36.61
OG_SYNTHETIC_TICKER,IGT,CLOSE,18.8
OG_SYNTHETIC_TICKER,UPS,CLOSE,70.21
OG_SYNTHETIC_TICKER,RHT,CLOSE,42.6
OG_SYNTHETIC_TICKER,SWK,CLOSE,65.28
OG_SYNTHETIC_TICKER,PWR,CLOSE,18.91
OG_SYNTHETIC_TICKER,MCHP,CLOSE,33.54
OG_SYNTHETIC_TICKER,LNC,CLOSE,26.49
OG_SYNTHETIC_TICKER,AVB,CLOSE,134.36
OG_SYNTHETIC_TICKER,CF,CLOSE,155.87
OG_SYNTHETIC_TICKER,HUM,CLOSE,74.77
OG_SYNTHETIC_TICKER,CMI,CLOSE,106.49
OG_SYNTHETIC_TICKER,ADP,CLOSE,52.38
OG_SYNTHETIC_TICKER,EMN,CLOSE,101.32
OG_SYNTHETIC_TICKER,FLR,CLOSE,64.39
OG_SYNTHETIC_TICKER,HOG,CLOSE,43.93
OG_SYNTHETIC_TICKER,MHP,CLOSE,43.07
OG_SYNTHETIC_TICKER,D,CLOSE,49.05
OG_SYNTHETIC_TICKER,LSI,CLOSE,6.44
OG_SYNTHETIC_TICKER,JNS,CLOSE,8.38
OG_SYNTHETIC_TICKER,HNZ,CLOSE,52.76
OG_SYNTHETIC_TICKER,HRL,CLOSE,29.3
OG_SYNTHETIC_TICKER,DISCA,CLOSE,39.92
OG_SYNTHETIC_TICKER,HST,CLOSE,16.15
OG_SYNTHETIC_TICKER,HCBK,CLOSE,8.2
OG_SYNTHETIC_TICKER,BLL,CLOSE,39.28
OG_SYNTHETIC_TICKER,JBL,CLOSE,18.95
OG_SYNTHETIC_TICKER,WDC,CLOSE,35.51
OG_SYNTHETIC_TICKER,TMK,CLOSE,40.19
OG_SYNTHETIC_TICKER,BIIB,CLOSE,101.81
OG_SYNTHETIC_TICKER,BK,CLOSE,25.1
OG_SYNTHETIC_TICKER,NWSA,CLOSE,16
OG_SYNTHETIC_TICKER,CSC,CLOSE,35.51
OG_SYNTHETIC_TICKER,DOW,CLOSE,34.99
OG_SYNTHETIC_TICKER,HSY,CLOSE,57.44
OG_SYNTHETIC_TICKER,MO,CLOSE,26.11
OG_SYNTHETIC_TICKER,PCG,CLOSE,42.12
OG_SYNTHETIC_TICKER,KSS,CLOSE,55
OG_SYNTHETIC_TICKER,BBBY,CLOSE,57.84
OG_SYNTHETIC_TICKER,SHW,CLOSE,77.64
OG_SYNTHETIC_TICKER,AEP,CLOSE,37.69
OG_SYNTHETIC_TICKER,RHI,CLOSE,27.17
OG_SYNTHETIC_TICKER,VTR,CLOSE,54.31
OG_SYNTHETIC_TICKER,PCP,CLOSE,156.05
OG_SYNTHETIC_TICKER,CNX,CLOSE,52.91
OG_SYNTHETIC_TICKER,NKE,CLOSE,88.72
OG_SYNTHETIC_TICKER,ICE,CLOSE,123.08
OG_SYNTHETIC_TICKER,PXD,CLOSE,94.86
OG_SYNTHETIC_TICKER,NOC,CLOSE,62.68
OG_SYNTHETIC_TICKER,V,CLOSE,87.75
OG_SYNTHETIC_TICKER,TAP,CLOSE,45.44
OG_SYNTHETIC_TICKER,XEL,CLOSE,24.49
OG_SYNTHETIC_TICKER,IRM,CLOSE,33.46
OG_SYNTHETIC_TICKER,PNW,CLOSE,43.24
OG_SYNTHETIC_TICKER,AMGN,CLOSE,53.8
OG_SYNTHETIC_TICKER,FE,CLOSE,45.13
OG_SYNTHETIC_TICKER,CTXS,CLOSE,70.94
OG_SYNTHETIC_TICKER,PPL,CLOSE,28.63
OG_SYNTHETIC_TICKER,Q,CLOSE,6.83
OG_SYNTHETIC_TICKER,AKAM,CLOSE,29.48
OG_SYNTHETIC_TICKER,EXPE,CLOSE,29.76
OG_SYNTHETIC_TICKER,AFL,CLOSE,44.15
OG_SYNTHETIC_TICKER,R,CLOSE,57.88
OG_SYNTHETIC_TICKER,WAT,CLOSE,86.65
OG_SYNTHETIC_TICKER,EBAY,CLOSE,33.36
OG_SYNTHETIC_TICKER,NOVL,CLOSE,6.099
OG_SYNTHETIC_TICKER,TEG,CLOSE,50.95
OG_SYNTHETIC_TICKER,SWN,CLOSE,47.48
OG_SYNTHETIC_TICKER,COP,CLOSE,73.13
OG_SYNTHETIC_TICKER,MAS,CLOSE,10.92
OG_SYNTHETIC_TICKER,AVY,CLOSE,31.65
OG_SYNTHETIC_TICKER,GNW,CLOSE,7.95
OG_SYNTHETIC_TICKER,WFC,CLOSE,28.58
OG_SYNTHETIC_TICKER,LOW,CLOSE,22.46
OG_SYNTHETIC_TICKER,NVLS,CLOSE,31.52
OG_SYNTHETIC_TICKER,WIN,CLOSE,12.39
OG_SYNTHETIC_TICKER,PRU,CLOSE,58.3
OG_SYNTHETIC_TICKER,AN,CLOSE,38.96
OG_SYNTHETIC_TICKER,DF,CLOSE,11.36
OG_SYNTHETIC_TICKER,TWC,CLOSE,77.1
OG_SYNTHETIC_TICKER,BTU,CLOSE,58.54
OG_SYNTHETIC_TICKER,CAT,CLOSE,101.34
OG_SYNTHETIC_TICKER,SYK,CLOSE,54.48
OG_SYNTHETIC_TICKER,BEN,CLOSE,126.93
OG_SYNTHETIC_TICKER,AKS,CLOSE,12.42
OG_SYNTHETIC_TICKER,AON,CLOSE,49.93
OG_SYNTHETIC_TICKER,GOOG,CLOSE,607.22
OG_SYNTHETIC_TICKER,VNO,CLOSE,93.84
OG_SYNTHETIC_TICKER,BXP,CLOSE,106.99
OG_SYNTHETIC_TICKER,HSP,CLOSE,52.4
OG_SYNTHETIC_TICKER,MS,CLOSE,22.54
OG_SYNTHETIC_TICKER,ERTS,CLOSE,22.97
OG_SYNTHETIC_TICKER,TXN,CLOSE,30.39
OG_SYNTHETIC_TICKER,GENZ,CLOSE,76.25
OG_SYNTHETIC_TICKER,CTAS,CLOSE,32.65
OG_SYNTHETIC_TICKER,CLF,CLOSE,93.59
OG_SYNTHETIC_TICKER,IP,CLOSE,29.87
OG_SYNTHETIC_TICKER,COL,CLOSE,55.04
OG_SYNTHETIC_TICKER,JPM,CLOSE,40.67
OG_SYNTHETIC_TICKER,MUR,CLOSE,66.92
OG_SYNTHETIC_TICKER,LIFE,CLOSE,48.41
OG_SYNTHETIC_TICKER,COST,CLOSE,78.39
OG_SYNTHETIC_TICKER,A,CLOSE,42.46
OG_SYNTHETIC_TICKER,CVH,CLOSE,34.35
OG_SYNTHETIC_TICKER,F,CLOSE,12.37
OG_SYNTHETIC_TICKER,AES,CLOSE,12.71
OG_SYNTHETIC_TICKER,ITT,CLOSE,54.94
OG_SYNTHETIC_TICKER,MI,CLOSE,7.9
OG_SYNTHETIC_TICKER,CVS,CLOSE,36.06
OG_SYNTHETIC_TICKER,CPWR,CLOSE,9.85
OG_SYNTHETIC_TICKER,LXK,CLOSE,33.73
OG_SYNTHETIC_TICKER,JWN,CLOSE,49.23
OG_SYNTHETIC_TICKER,TJX,CLOSE,54.85
OG_SYNTHETIC_TICKER,WHR,CLOSE,71.38
OG_SYNTHETIC_TICKER,SNA,CLOSE,57.39
OG_SYNTHETIC_TICKER,MWW,CLOSE,13.14
OG_SYNTHETIC_TICKER,CCE,CLOSE,29.33
OG_SYNTHETIC_TICKER,CTL,CLOSE,37.62
OG_SYNTHETIC_TICKER,NTRS,CLOSE,44.86
OG_SYNTHETIC_TICKER,CL,CLOSE,85.49
OG_SYNTHETIC_TICKER,MEE,CLOSE,65.14
OG_SYNTHETIC_TICKER,NSC,CLOSE,76.12
OG_SYNTHETIC_TICKER,GME,CLOSE,23.5
OG_SYNTHETIC_TICKER,DTE,CLOSE,50.71
OG_SYNTHETIC_TICKER,MWV,CLOSE,32.03
OG_SYNTHETIC_TICKER,ECL,CLOSE,50.15
OG_SYNTHETIC_TICKER,CVX,CLOSE,105.63
OG_SYNTHETIC_TICKER,THC,CLOSE,5.68
OG_SYNTHETIC_TICKER,CINF,CLOSE,27.74
OG_SYNTHETIC_TICKER,MDP,CLOSE,29.13
OG_SYNTHETIC_TICKER,SPLS,CLOSE,15.955
OG_SYNTHETIC_TICKER,ESRX,CLOSE,54.5
OG_SYNTHETIC_TICKER,MCD,CLOSE,87.09
OG_SYNTHETIC_TICKER,RL,CLOSE,133.03
OG_SYNTHETIC_TICKER,CME,CLOSE,278.51
OG_SYNTHETIC_TICKER,DRI,CLOSE,51.26
OG_SYNTHETIC_TICKER,ITW,CLOSE,50.72
OG_SYNTHETIC_TICKER,ALTR,CLOSE,40.33
OG_SYNTHETIC_TICKER,SCG,CLOSE,39.83
OG_SYNTHETIC_TICKER,DHR,CLOSE,49.23
OG_SYNTHETIC_TICKER,ETN,CLOSE,49.3
OG_SYNTHETIC_TICKER,NUE,CLOSE,39
OG_SYNTHETIC_TICKER,UNP,CLOSE,102.2
OG_SYNTHETIC_TICKER,PGN,CLOSE,47.26
OG_SYNTHETIC_TICKER,HRS,CLOSE,41.28
OG_SYNTHETIC_TICKER,MOLX,CLOSE,24.12
OG_SYNTHETIC_TICKER,PH,CLOSE,79.93
OG_SYNTHETIC_TICKER,SE,CLOSE,27.16
OG_SYNTHETIC_TICKER,HCN,CLOSE,52.91
OG_SYNTHETIC_TICKER,PFE,CLOSE,19.3
OG_SYNTHETIC_TICKER,WMB,CLOSE,32.1
OG_SYNTHETIC_TICKER,SJM,CLOSE,78.65
OG_SYNTHETIC_TICKER,AGN,CLOSE,80.91
OG_SYNTHETIC_TICKER,LO,CLOSE,104.78
OG_SYNTHETIC_TICKER,BCR,CLOSE,99.06
OG_SYNTHETIC_TICKER,COF,CLOSE,47.61
OG_SYNTHETIC_TICKER,NTAP,CLOSE,47.28
OG_SYNTHETIC_TICKER,XLNX,CLOSE,32.27
OG_SYNTHETIC_TICKER,PNC,CLOSE,54.5
OG_SYNTHETIC_TICKER,PTV,CLOSE,33.23
OG_SYNTHETIC_TICKER,MJN,CLOSE,67.48
OG_SYNTHETIC_TICKER,TSO,CLOSE,24.42
OG_SYNTHETIC_TICKER,CB,CLOSE,63.69
OG_SYNTHETIC_TICKER,KR,CLOSE,24.98
OG_SYNTHETIC_TICKER,JCP,CLOSE,30.93
OG_SYNTHETIC_TICKER,WYN,CLOSE,34.73
OG_SYNTHETIC_TICKER,CHK,CLOSE,33.4
OG_SYNTHETIC_TICKER,CMCSA,CLOSE,24.66
OG_SYNTHETIC_TICKER,GPS,CLOSE,18.96
OG_SYNTHETIC_TICKER,LLY,CLOSE,37.98
OG_SYNTHETIC_TICKER,NI,CLOSE,20.36
OG_SYNTHETIC_TICKER,QLGC,CLOSE,15.89
OG_SYNTHETIC_TICKER,UNH,CLOSE,49.89
OG_SYNTHETIC_TICKER,PFG,CLOSE,27.43
OG_SYNTHETIC_TICKER,EK,CLOSE,2.42
OG_SYNTHETIC_TICKER,NU,CLOSE,34.85
OG_SYNTHETIC_TICKER,SVU,CLOSE,8.74
OG_SYNTHETIC_TICKER,NOV,CLOSE,80
OG_SYNTHETIC_TICKER,CA,CLOSE,22.22
OG_SYNTHETIC_TICKER,PDCO,CLOSE,30.84
OG_SYNTHETIC_TICKER,FISV,CLOSE,61.45
OG_SYNTHETIC_TICKER,FLS,CLOSE,103.05
OG_SYNTHETIC_TICKER,KIM,CLOSE,19.25
OG_SYNTHETIC_TICKER,EP,CLOSE,20.92
OG_SYNTHETIC_TICKER,HIG,CLOSE,23.08
OG_SYNTHETIC_TICKER,APD,CLOSE,89.88
OG_SYNTHETIC_TICKER,DOV,CLOSE,61.65
OG_SYNTHETIC_TICKER,KMB,CLOSE,66.2
OG_SYNTHETIC_TICKER,SLE,CLOSE,19.42
OG_SYNTHETIC_TICKER,SUN,CLOSE,40.87
OG_SYNTHETIC_TICKER,ZION,CLOSE,22.16
OG_SYNTHETIC_TICKER,RAI,CLOSE,35.13
OG_SYNTHETIC_TICKER,EMC,CLOSE,26.6
OG_SYNTHETIC_TICKER,SCHW,CLOSE,14.92
OG_SYNTHETIC_TICKER,VRSN,CLOSE,32.71
OG_SYNTHETIC_TICKER,VAR,CLOSE,67.12
OG_SYNTHETIC_TICKER,WFMI,CLOSE,65.43
OG_SYNTHETIC_TICKER,DV,CLOSE,64.2
OG_SYNTHETIC_TICKER,ROP,CLOSE,83.23
OG_SYNTHETIC_TICKER,CHRW,CLOSE,73.88
OG_SYNTHETIC_TICKER,INTC,CLOSE,22.53
OG_SYNTHETIC_TICKER,EL,CLOSE,104.65
OG_SYNTHETIC_TICKER,HON,CLOSE,53.46
OG_SYNTHETIC_TICKER,GILD,CLOSE,42.97
OG_SYNTHETIC_TICKER,AYE,CLOSE,24.8696
OG_SYNTHETIC_TICKER,EMR,CLOSE,50.43
OG_SYNTHETIC_TICKER,HES,CLOSE,70.28
OG_SYNTHETIC_TICKER,ZMH,CLOSE,60.84
OG_SYNTHETIC_TICKER,WYNN,CLOSE,159.17
OG_SYNTHETIC_TICKER,PGR,CLOSE,19.84
OG_SYNTHETIC_TICKER,PCLN,CLOSE,517.21
OG_SYNTHETIC_TICKER,BRCM,CLOSE,37.04
OG_SYNTHETIC_TICKER,ROST,CLOSE,75.34
OG_SYNTHETIC_TICKER,AMP,CLOSE,51.57
OG_SYNTHETIC_TICKER,FHN,CLOSE,9.06
OG_SYNTHETIC_TICKER,WAG,CLOSE,38.96
OG_SYNTHETIC_TICKER,PG,CLOSE,62.2
OG_SYNTHETIC_TICKER,STZ,CLOSE,20.51
OG_SYNTHETIC_TICKER,URBN,CLOSE,32.16
OG_SYNTHETIC_TICKER,APOL,CLOSE,52.52
OG_SYNTHETIC_TICKER,QCOM,CLOSE,54.59
OG_SYNTHETIC_TICKER,BA,CLOSE,70.63
OG_SYNTHETIC_TICKER,JNPR,CLOSE,24.66
OG_SYNTHETIC_TICKER,CMS,CLOSE,19.61
OG_SYNTHETIC_TICKER,GT,CLOSE,17.17
OG_SYNTHETIC_TICKER,TIF,CLOSE,79.05
OG_SYNTHETIC_TICKER,AXP,CLOSE,50.48
OG_SYNTHETIC_TICKER,SO,CLOSE,40.2
OG_SYNTHETIC_TICKER,CAM,CLOSE,50.56
OG_SYNTHETIC_TICKER,PCL,CLOSE,38.5
OG_SYNTHETIC_TICKER,DVA,CLOSE,82.65
OG_SYNTHETIC_TICKER,IBM,CLOSE,181.35
OG_SYNTHETIC_TICKER,EFX,CLOSE,33.15
OG_SYNTHETIC_TICKER,SNI,CLOSE,47.35
OG_SYNTHETIC_TICKER,DIS,CLOSE,39.52
OG_SYNTHETIC_TICKER,TLAB,CLOSE,4.23
OG_SYNTHETIC_TICKER,DNR,CLOSE,19.8
OG_SYNTHETIC_TICKER,ETR,CLOSE,68.14
OG_SYNTHETIC_TICKER,CELG,CLOSE,59.48
OG_SYNTHETIC_TICKER,TGT,CLOSE,50.35
OG_SYNTHETIC_TICKER,PLL,CLOSE,51.9
OG_SYNTHETIC_TICKER,MRK,CLOSE,35.19
OG_SYNTHETIC_TICKER,INTU,CLOSE,47.25
OG_SYNTHETIC_TICKER,HP,CLOSE,70.39
OG_SYNTHETIC_TICKER,DUK,CLOSE,18.76
OG_SYNTHETIC_TICKER,MAR,CLOSE,33.38
OG_SYNTHETIC_TICKER,CCL,CLOSE,34.97
OG_SYNTHETIC_TICKER,TIE,CLOSE,18.14
OG_SYNTHETIC_TICKER,DFS,CLOSE,25.51
OG_SYNTHETIC_TICKER,ODP,CLOSE,3.82
OG_SYNTHETIC_TICKER,BMC,CLOSE,48.89
OG_SYNTHETIC_TICKER,CSCO,CLOSE,15.69
OG_SYNTHETIC_TICKER,C,CLOSE,38.27
OG_SYNTHETIC_TICKER,FNMA,CLOSE,0.331
OG_SYNTHETIC_TICKER,T,CLOSE,29.96
OG_SYNTHETIC_TICKER,BAC,CLOSE,9.68
OG_SYNTHETIC_TICKER,ABB,CLOSE,24.13
OG_SYNTHETIC_TICKER,CTSH,CLOSE,69.88
OG_SYNTHETIC_TICKER,GD,CLOSE,68.63
OG_SYNTHETIC_TICKER,MRO,CLOSE,31.5
OG_SYNTHETIC_TICKER,BIG,CLOSE,35.31
OG_SYNTHETIC_TICKER,TROW,CLOSE,55.97
OG_SYNTHETIC_TICKER,ORCL,CLOSE,30.71
OG_SYNTHETIC_TICKER,FCX,CLOSE,54.45
OG_SYNTHETIC_TICKER,X,CLOSE,39.81
OG_SYNTHETIC_TICKER,MSFT,CLOSE,27.33
OG_SYNTHETIC_TICKER,NOK,CLOSE,5.73
OG_SYNTHETIC_TICKER,JDSU,CLOSE,13.78
OG_SYNTHETIC_TICKER,NVDA,CLOSE,13.855
OG_SYNTHETIC_TICKER,GIS,CLOSE,37.52
OG_SYNTHETIC_TICKER,K,CLOSE,55.55
OG_SYNTHETIC_TICKER,RIMM,CLOSE,25.71
OG_SYNTHETIC_TICKER,AAPL,CLOSE,392.59
OG_SYNTHETIC_TICKER,TIBX,CLOSE,27.19
OG_SYNTHETIC_TICKER,BBT,CLOSE,25.67
OG_SYNTHETIC_TICKER,PAYX,CLOSE,28.79
OG_SYNTHETIC_TICKER,UNIS,CLOSE,4.4
OG_SYNTHETIC_TICKER,EXC,CLOSE,44.59
OG_SYNTHETIC_TICKER,ACFC,CLOSE,6
OG_SYNTHETIC_TICKER,DJX_IDX,CLOSE,132.12
OG_SYNTHETIC_TICKER,H2SBZ1GR_FUTURE,CLOSE,392.59
OG_SYNTHETIC_TICKER,SPZ2_FUTURE,CLOSE,1302.67
#Cash,,,
OG_SYNTHETIC_TICKER,USDCASHP1D,CLOSE,0.25
OG_SYNTHETIC_TICKER,USDCASHP2D,CLOSE,0.25
OG_SYNTHETIC_TICKER,USDCASHP1M,CLOSE,0.35
OG_SYNTHETIC_TICKER,USDCASHP2M,CLOSE,0.44
OG_SYNTHETIC_TICKER,USDCASHP3M,CLOSE,0.55
OG_SYNTHETIC_TICKER,USDCASHP4M,CLOSE,0.64
OG_SYNTHETIC_TICKER,USDCASHP5M,CLOSE,0.73
OG_SYNTHETIC_TICKER,USDCASHP6M,CLOSE,0.82
OG_SYNTHETIC_TICKER,USDCASHP7M,CLOSE,0.91
OG_SYNTHETIC_TICKER,USDCASHP8M,CLOSE,1.05
OG_SYNTHETIC_TICKER,USDCASHP9M,CLOSE,1.19
OG_SYNTHETIC_TICKER,USDCASHP10M,CLOSE,1.38
OG_SYNTHETIC_TICKER,USDCASHP11M,CLOSE,1.51
OG_SYNTHETIC_TICKER,USDCASHP12M,CLOSE,1.67
OG_SYNTHETIC_TICKER,EURCASHP1D,CLOSE,0.25
OG_SYNTHETIC_TICKER,EURCASHP2D,CLOSE,0.25
OG_SYNTHETIC_TICKER,EURCASHP1M,CLOSE,0.35
OG_SYNTHETIC_TICKER,EURCASHP2M,CLOSE,0.44
OG_SYNTHETIC_TICKER,EURCASHP3M,CLOSE,0.55
OG_SYNTHETIC_TICKER,EURCASHP4M,CLOSE,0.64
OG_SYNTHETIC_TICKER,EURCASHP5M,CLOSE,0.73
OG_SYNTHETIC_TICKER,EURCASHP6M,CLOSE,0.82
OG_SYNTHETIC_TICKER,EURCASHP7M,CLOSE,0.91
OG_SYNTHETIC_TICKER,EURCASHP8M,CLOSE,1.05
OG_SYNTHETIC_TICKER,EURCASHP9M,CLOSE,1.19
OG_SYNTHETIC_TICKER,EURCASHP10M,CLOSE,1.38
OG_SYNTHETIC_TICKER,EURCASHP11M,CLOSE,1.51
OG_SYNTHETIC_TICKER,EURCASHP12M,CLOSE,1.67
OG_SYNTHETIC_TICKER,GBPCASHP1D,CLOSE,0.25
OG_SYNTHETIC_TICKER,GBPCASHP2D,CLOSE,0.25
OG_SYNTHETIC_TICKER,GBPCASHP1M,CLOSE,0.35
OG_SYNTHETIC_TICKER,GBPCASHP2M,CLOSE,0.44
OG_SYNTHETIC_TICKER,GBPCASHP3M,CLOSE,0.55
OG_SYNTHETIC_TICKER,GBPCASHP4M,CLOSE,0.64
OG_SYNTHETIC_TICKER,GBPCASHP5M,CLOSE,0.73
OG_SYNTHETIC_TICKER,GBPCASHP6M,CLOSE,0.82
OG_SYNTHETIC_TICKER,GBPCASHP7M,CLOSE,0.91
OG_SYNTHETIC_TICKER,GBPCASHP8M,CLOSE,1.05
OG_SYNTHETIC_TICKER,GBPCASHP9M,CLOSE,1.19
OG_SYNTHETIC_TICKER,GBPCASHP10M,CLOSE,1.38
OG_SYNTHETIC_TICKER,GBPCASHP11M,CLOSE,1.51
OG_SYNTHETIC_TICKER,GBPCASHP12M,CLOSE,1.67
OG_SYNTHETIC_TICKER,CHFCASHP1D,CLOSE,0.25
OG_SYNTHETIC_TICKER,CHFCASHP2D,CLOSE,0.25
OG_SYNTHETIC_TICKER,CHFCASHP1M,CLOSE,0.35
OG_SYNTHETIC_TICKER,CHFCASHP2M,CLOSE,0.44
OG_SYNTHETIC_TICKER,CHFCASHP3M,CLOSE,0.55
OG_SYNTHETIC_TICKER,CHFCASHP4M,CLOSE,0.64
OG_SYNTHETIC_TICKER,CHFCASHP5M,CLOSE,0.73
OG_SYNTHETIC_TICKER,CHFCASHP6M,CLOSE,0.82
OG_SYNTHETIC_TICKER,CHFCASHP7M,CLOSE,0.91
OG_SYNTHETIC_TICKER,CHFCASHP8M,CLOSE,1.05
OG_SYNTHETIC_TICKER,CHFCASHP9M,CLOSE,1.19
OG_SYNTHETIC_TICKER,CHFCASHP10M,CLOSE,1.38
OG_SYNTHETIC_TICKER,CHFCASHP11M,CLOSE,1.51
OG_SYNTHETIC_TICKER,CHFCASHP12M,CLOSE,1.67
OG_SYNTHETIC_TICKER,JPYCASHP1D,CLOSE,0.25
OG_SYNTHETIC_TICKER,JPYCASHP2D,CLOSE,0.25
OG_SYNTHETIC_TICKER,JPYCASHP1M,CLOSE,0.35
OG_SYNTHETIC_TICKER,JPYCASHP2M,CLOSE,0.44
OG_SYNTHETIC_TICKER,JPYCASHP3M,CLOSE,0.55
OG_SYNTHETIC_TICKER,JPYCASHP4M,CLOSE,0.64
OG_SYNTHETIC_TICKER,JPYCASHP5M,CLOSE,0.73
OG_SYNTHETIC_TICKER,JPYCASHP6M,CLOSE,0.82
OG_SYNTHETIC_TICKER,JPYCASHP7M,CLOSE,0.91
OG_SYNTHETIC_TICKER,JPYCASHP8M,CLOSE,1.05
OG_SYNTHETIC_TICKER,JPYCASHP9M,CLOSE,1.19
OG_SYNTHETIC_TICKER,JPYCASHP10M,CLOSE,1.38
OG_SYNTHETIC_TICKER,JPYCASHP11M,CLOSE,1.51
OG_SYNTHETIC_TICKER,JPYCASHP12M,CLOSE,1.67
OG_SYNTHETIC_TICKER,DKKCASHP1D,CLOSE,0.25
OG_SYNTHETIC_TICKER,DKKCASHP1M,CLOSE,0.35
OG_SYNTHETIC_TICKER,DKKCASHP2M,CLOSE,0.44
OG_SYNTHETIC_TICKER,DKKCASHP3M,CLOSE,0.55
OG_SYNTHETIC_TICKER,DKKCASHP4M,CLOSE,0.64
OG_SYNTHETIC_TICKER,DKKCASHP5M,CLOSE,0.73
OG_SYNTHETIC_TICKER,DKKCASHP6M,CLOSE,0.82
OG_SYNTHETIC_TICKER,DKKCASHP7M,CLOSE,0.91
OG_SYNTHETIC_TICKER,DKKCASHP8M,CLOSE,1.05
OG_SYNTHETIC_TICKER,DKKCASHP9M,CLOSE,1.19
OG_SYNTHETIC_TICKER,DKKCASHP10M,CLOSE,1.38
OG_SYNTHETIC_TICKER,DKKCASHP11M,CLOSE,1.51
OG_SYNTHETIC_TICKER,DKKCASHP12M,CLOSE,1.67
0G_SYNTHETIC_TICKER,NZDCASHP1D,CLOSE,0.25
OG_SYNTHETIC_TICKER,NZDCASHP1M,CLOSE,0.35
OG_SYNTHETIC_TICKER,NZDCASHP2M,CLOSE,0.44
OG_SYNTHETIC_TICKER,NZDCASHP3M,CLOSE,0.55
OG_SYNTHETIC_TICKER,NZDCASHP4M,CLOSE,0.64
OG_SYNTHETIC_TICKER,NZDCASHP5M,CLOSE,0.73
OG_SYNTHETIC_TICKER,NZDCASHP6M,CLOSE,0.82
OG_SYNTHETIC_TICKER,NZDCASHP7M,CLOSE,0.91
OG_SYNTHETIC_TICKER,NZDCASHP8M,CLOSE,1.05
OG_SYNTHETIC_TICKER,NZDCASHP9M,CLOSE,1.19
OG_SYNTHETIC_TICKER,NZDCASHP10M,CLOSE,1.38
OG_SYNTHETIC_TICKER,NZDCASHP11M,CLOSE,1.51
OG_SYNTHETIC_TICKER,NZDCASHP12M,CLOSE,1.67
OG_SYNTHETIC_TICKER,AUDCASHP1D,CLOSE,0.25
OG_SYNTHETIC_TICKER,AUDCASHP2D,CLOSE,0.25
OG_SYNTHETIC_TICKER,AUDCASHP1M,CLOSE,0.35
OG_SYNTHETIC_TICKER,AUDCASHP2M,CLOSE,0.44
OG_SYNTHETIC_TICKER,AUDCASHP3M,CLOSE,0.55
OG_SYNTHETIC_TICKER,AUDCASHP4M,CLOSE,0.64
OG_SYNTHETIC_TICKER,AUDCASHP5M,CLOSE,0.73
OG_SYNTHETIC_TICKER,AUDCASHP6M,CLOSE,0.82
OG_SYNTHETIC_TICKER,AUDCASHP7M,CLOSE,0.91
OG_SYNTHETIC_TICKER,AUDCASHP8M,CLOSE,1.05
OG_SYNTHETIC_TICKER,AUDCASHP9M,CLOSE,1.19
OG_SYNTHETIC_TICKER,AUDCASHP10M,CLOSE,1.38
OG_SYNTHETIC_TICKER,AUDCASHP11M,CLOSE,1.51
OG_SYNTHETIC_TICKER,AUDCASHP12M,CLOSE,1.67
#Swap,,,
OG_SYNTHETIC_TICKER,USDSWAPP6M,CLOSE,1.26
OG_SYNTHETIC_TICKER,USDSWAPP9M,CLOSE,1.35
OG_SYNTHETIC_TICKER,USDSWAPP1Y,CLOSE,1.4
OG_SYNTHETIC_TICKER,USDSWAPP2Y,CLOSE,2.5
OG_SYNTHETIC_TICKER,USDSWAPP3Y,CLOSE,3.1
OG_SYNTHETIC_TICKER,USDSWAPP4Y,CLOSE,3.5
OG_SYNTHETIC_TICKER,USDSWAPP5Y,CLOSE,3.7
OG_SYNTHETIC_TICKER,USDSWAPP6Y,CLOSE,3.9
OG_SYNTHETIC_TICKER,USDSWAPP7Y,CLOSE,4
OG_SYNTHETIC_TICKER,USDSWAPP8Y,CLOSE,4.1
OG_SYNTHETIC_TICKER,USDSWAPP9Y,CLOSE,4.08
OG_SYNTHETIC_TICKER,USDSWAPP10Y,CLOSE,4.06
OG_SYNTHETIC_TICKER,USDSWAPP12Y,CLOSE,3.98
OG_SYNTHETIC_TICKER,USDSWAPP15Y,CLOSE,3.94
OG_SYNTHETIC_TICKER,USDSWAPP20Y,CLOSE,3.91
OG_SYNTHETIC_TICKER,USDSWAPP25Y,CLOSE,3.89
OG_SYNTHETIC_TICKER,USDSWAPP30Y,CLOSE,3.87
OG_SYNTHETIC_TICKER,USDSWAPP40Y,CLOSE,3.84
OG_SYNTHETIC_TICKER,USDSWAPP50Y,CLOSE,3.79
OG_SYNTHETIC_TICKER,USDSWAPP80Y,CLOSE,3.79
OG_SYNTHETIC_TICKER,EURSWAPP6M,CLOSE,1.49
OG_SYNTHETIC_TICKER,EURSWAPP9M,CLOSE,1.52
OG_SYNTHETIC_TICKER,EURSWAPP1Y,CLOSE,1.65
OG_SYNTHETIC_TICKER,EURSWAPP2Y,CLOSE,2.5
OG_SYNTHETIC_TICKER,EURSWAPP3Y,CLOSE,3.1
OG_SYNTHETIC_TICKER,EURSWAPP4Y,CLOSE,3.5
OG_SYNTHETIC_TICKER,EURSWAPP5Y,CLOSE,3.7
OG_SYNTHETIC_TICKER,EURSWAPP6Y,CLOSE,3.9
OG_SYNTHETIC_TICKER,EURSWAPP7Y,CLOSE,4
OG_SYNTHETIC_TICKER,EURSWAPP8Y,CLOSE,4.1
OG_SYNTHETIC_TICKER,EURSWAPP9Y,CLOSE,4.08
OG_SYNTHETIC_TICKER,EURSWAPP10Y,CLOSE,4.06
OG_SYNTHETIC_TICKER,EURSWAPP12Y,CLOSE,3.98
OG_SYNTHETIC_TICKER,EURSWAPP15Y,CLOSE,3.94
OG_SYNTHETIC_TICKER,EURSWAPP20Y,CLOSE,3.91
OG_SYNTHETIC_TICKER,EURSWAPP25Y,CLOSE,3.89
OG_SYNTHETIC_TICKER,EURSWAPP30Y,CLOSE,3.87
OG_SYNTHETIC_TICKER,EURSWAPP40Y,CLOSE,3.84
OG_SYNTHETIC_TICKER,EURSWAPP50Y,CLOSE,3.79
OG_SYNTHETIC_TICKER,EURSWAPP80Y,CLOSE,3.79
OG_SYNTHETIC_TICKER,GBPSWAPP6M,CLOSE,1.51
OG_SYNTHETIC_TICKER,GBPSWAPP9M,CLOSE,1.6
OG_SYNTHETIC_TICKER,GBPSWAPP1Y,CLOSE,1.67
OG_SYNTHETIC_TICKER,GBPSWAPP2Y,CLOSE,2.5
OG_SYNTHETIC_TICKER,GBPSWAPP3Y,CLOSE,3.1
OG_SYNTHETIC_TICKER,GBPSWAPP4Y,CLOSE,3.5
OG_SYNTHETIC_TICKER,GBPSWAPP5Y,CLOSE,3.7
OG_SYNTHETIC_TICKER,GBPSWAPP6Y,CLOSE,3.9
OG_SYNTHETIC_TICKER,GBPSWAPP7Y,CLOSE,4
OG_SYNTHETIC_TICKER,GBPSWAPP8Y,CLOSE,4.1
OG_SYNTHETIC_TICKER,GBPSWAPP9Y,CLOSE,4.08
OG_SYNTHETIC_TICKER,GBPSWAPP10Y,CLOSE,4.06
OG_SYNTHETIC_TICKER,GBPSWAPP12Y,CLOSE,3.98
OG_SYNTHETIC_TICKER,GBPSWAPP15Y,CLOSE,3.94
OG_SYNTHETIC_TICKER,GBPSWAPP20Y,CLOSE,3.91
OG_SYNTHETIC_TICKER,GBPSWAPP25Y,CLOSE,3.89
OG_SYNTHETIC_TICKER,GBPSWAPP30Y,CLOSE,3.87
OG_SYNTHETIC_TICKER,GBPSWAPP40Y,CLOSE,3.84
OG_SYNTHETIC_TICKER,GBPSWAPP50Y,CLOSE,3.79
OG_SYNTHETIC_TICKER,GBPSWAPP80Y,CLOSE,3.79
OG_SYNTHETIC_TICKER,CHFSWAPP6M,CLOSE,1.51
OG_SYNTHETIC_TICKER,CHFSWAPP9M,CLOSE,1.6
OG_SYNTHETIC_TICKER,CHFSWAPP1Y,CLOSE,1.67
OG_SYNTHETIC_TICKER,CHFSWAPP2Y,CLOSE,2.5
OG_SYNTHETIC_TICKER,CHFSWAPP3Y,CLOSE,3.1
OG_SYNTHETIC_TICKER,CHFSWAPP4Y,CLOSE,3.5
OG_SYNTHETIC_TICKER,CHFSWAPP5Y,CLOSE,3.7
OG_SYNTHETIC_TICKER,CHFSWAPP6Y,CLOSE,3.9
OG_SYNTHETIC_TICKER,CHFSWAPP7Y,CLOSE,4
OG_SYNTHETIC_TICKER,CHFSWAPP8Y,CLOSE,4.1
OG_SYNTHETIC_TICKER,CHFSWAPP9Y,CLOSE,4.08
OG_SYNTHETIC_TICKER,CHFSWAPP10Y,CLOSE,4.06
OG_SYNTHETIC_TICKER,CHFSWAPP12Y,CLOSE,3.98
OG_SYNTHETIC_TICKER,CHFSWAPP15Y,CLOSE,3.94
OG_SYNTHETIC_TICKER,CHFSWAPP20Y,CLOSE,3.91
OG_SYNTHETIC_TICKER,CHFSWAPP25Y,CLOSE,3.89
OG_SYNTHETIC_TICKER,CHFSWAPP30Y,CLOSE,3.87
OG_SYNTHETIC_TICKER,CHFSWAPP40Y,CLOSE,3.84
OG_SYNTHETIC_TICKER,CHFSWAPP50Y,CLOSE,3.79
OG_SYNTHETIC_TICKER,CHFSWAPP80Y,CLOSE,3.79
OG_SYNTHETIC_TICKER,JPYSWAPP6M,CLOSE,1.26
OG_SYNTHETIC_TICKER,JPYSWAPP9M,CLOSE,1.32
OG_SYNTHETIC_TICKER,JPYSWAPP1Y,CLOSE,1.4
OG_SYNTHETIC_TICKER,JPYSWAPP2Y,CLOSE,2.5
OG_SYNTHETIC_TICKER,JPYSWAPP3Y,CLOSE,3.1
OG_SYNTHETIC_TICKER,JPYSWAPP4Y,CLOSE,3.5
OG_SYNTHETIC_TICKER,JPYSWAPP5Y,CLOSE,3.7
OG_SYNTHETIC_TICKER,JPYSWAPP6Y,CLOSE,3.9
OG_SYNTHETIC_TICKER,JPYSWAPP7Y,CLOSE,4
OG_SYNTHETIC_TICKER,JPYSWAPP8Y,CLOSE,4.1
OG_SYNTHETIC_TICKER,JPYSWAPP9Y,CLOSE,4.08
OG_SYNTHETIC_TICKER,JPYSWAPP10Y,CLOSE,4.06
OG_SYNTHETIC_TICKER,JPYSWAPP12Y,CLOSE,3.98
OG_SYNTHETIC_TICKER,JPYSWAPP15Y,CLOSE,3.94
OG_SYNTHETIC_TICKER,JPYSWAPP20Y,CLOSE,3.91
OG_SYNTHETIC_TICKER,JPYSWAPP25Y,CLOSE,3.89
OG_SYNTHETIC_TICKER,JPYSWAPP30Y,CLOSE,3.87
OG_SYNTHETIC_TICKER,JPYSWAPP40Y,CLOSE,3.84
OG_SYNTHETIC_TICKER,JPYSWAPP50Y,CLOSE,3.79
OG_SYNTHETIC_TICKER,JPYSWAPP80Y,CLOSE,3.79
OG_SYNTHETIC_TICKER,NZDSWAPP2Y,CLOSE,2.5
OG_SYNTHETIC_TICKER,NZDSWAPP3Y,CLOSE,3.1
OG_SYNTHETIC_TICKER,NZDSWAPP4Y,CLOSE,3.5
OG_SYNTHETIC_TICKER,NZDSWAPP5Y,CLOSE,3.7
OG_SYNTHETIC_TICKER,NZDSWAPP6Y,CLOSE,3.9
OG_SYNTHETIC_TICKER,NZDSWAPP7Y,CLOSE,4
OG_SYNTHETIC_TICKER,NZDSWAPP8Y,CLOSE,4.1
OG_SYNTHETIC_TICKER,NZDSWAPP9Y,CLOSE,4.08
OG_SYNTHETIC_TICKER,NZDSWAPP10Y,CLOSE,4.06
OG_SYNTHETIC_TICKER,NZDSWAPP12Y,CLOSE,3.98
OG_SYNTHETIC_TICKER,NZDSWAPP15Y,CLOSE,3.94
OG_SYNTHETIC_TICKER,NZDSWAPP20Y,CLOSE,3.91
OG_SYNTHETIC_TICKER,NZDSWAPP25Y,CLOSE,3.89
OG_SYNTHETIC_TICKER,NZDSWAPP30Y,CLOSE,3.87
OG_SYNTHETIC_TICKER,NZDSWAPP40Y,CLOSE,3.84
OG_SYNTHETIC_TICKER,NZDSWAPP50Y,CLOSE,3.79
OG_SYNTHETIC_TICKER,NZDSWAPP80Y,CLOSE,3.79
OG_SYNTHETIC_TICKER,DKKSWAPP2Y,CLOSE,2.5
OG_SYNTHETIC_TICKER,DKKSWAPP3Y,CLOSE,3.1
OG_SYNTHETIC_TICKER,DKKSWAPP4Y,CLOSE,3.5
OG_SYNTHETIC_TICKER,DKKSWAPP5Y,CLOSE,3.7
OG_SYNTHETIC_TICKER,DKKSWAPP6Y,CLOSE,3.9
OG_SYNTHETIC_TICKER,DKKSWAPP7Y,CLOSE,4
OG_SYNTHETIC_TICKER,DKKSWAPP8Y,CLOSE,4.1
OG_SYNTHETIC_TICKER,DKKSWAPP9Y,CLOSE,4.08
OG_SYNTHETIC_TICKER,DKKSWAPP10Y,CLOSE,4.06
OG_SYNTHETIC_TICKER,DKKSWAPP12Y,CLOSE,3.98
OG_SYNTHETIC_TICKER,DKKSWAPP15Y,CLOSE,3.94
OG_SYNTHETIC_TICKER,DKKSWAPP20Y,CLOSE,3.91
OG_SYNTHETIC_TICKER,DKKSWAPP25Y,CLOSE,3.89
OG_SYNTHETIC_TICKER,DKKSWAPP30Y,CLOSE,3.87
OG_SYNTHETIC_TICKER,DKKSWAPP40Y,CLOSE,3.84
OG_SYNTHETIC_TICKER,DKKSWAPP50Y,CLOSE,3.79
OG_SYNTHETIC_TICKER,DKKSWAPP80Y,CLOSE,3.79
OG_SYNTHETIC_TICKER,AUDSWAPP1Y,CLOSE,1.5
OG_SYNTHETIC_TICKER,AUDSWAPP2Y,CLOSE,2.5
OG_SYNTHETIC_TICKER,AUDSWAPP3Y,CLOSE,3.1
OG_SYNTHETIC_TICKER,AUDSWAPP4Y,CLOSE,3.5
OG_SYNTHETIC_TICKER,AUDSWAPP5Y,CLOSE,3.7
OG_SYNTHETIC_TICKER,AUDSWAPP6Y,CLOSE,3.9
OG_SYNTHETIC_TICKER,AUDSWAPP7Y,CLOSE,4
OG_SYNTHETIC_TICKER,AUDSWAPP8Y,CLOSE,4.1
OG_SYNTHETIC_TICKER,AUDSWAPP9Y,CLOSE,4.08
OG_SYNTHETIC_TICKER,AUDSWAPP10Y,CLOSE,4.06
OG_SYNTHETIC_TICKER,AUDSWAPP12Y,CLOSE,3.98
OG_SYNTHETIC_TICKER,AUDSWAPP15Y,CLOSE,3.94
OG_SYNTHETIC_TICKER,AUDSWAPP20Y,CLOSE,3.91
OG_SYNTHETIC_TICKER,AUDSWAPP25Y,CLOSE,3.89
OG_SYNTHETIC_TICKER,AUDSWAPP30Y,CLOSE,3.87
OG_SYNTHETIC_TICKER,AUDSWAPP40Y,CLOSE,3.84
OG_SYNTHETIC_TICKER,AUDSWAPP50Y,CLOSE,3.79
OG_SYNTHETIC_TICKER,AUDSWAPP80Y,CLOSE,3.79
#Libor,,,
OG_SYNTHETIC_TICKER,USDLIBORP7D,CLOSE,0.3
OG_SYNTHETIC_TICKER,USDLIBORP14D,CLOSE,0.32
OG_SYNTHETIC_TICKER,USDLIBORP1M,CLOSE,0.34
OG_SYNTHETIC_TICKER,USDLIBORP2M,CLOSE,0.44
OG_SYNTHETIC_TICKER,USDLIBORP3M,CLOSE,0.55
OG_SYNTHETIC_TICKER,USDLIBORP6M,CLOSE,0.82
OG_SYNTHETIC_TICKER,USDLIBORP12M,CLOSE,1.67
OG_SYNTHETIC_TICKER,EURLIBORP7D,CLOSE,0.12
OG_SYNTHETIC_TICKER,EURLIBORP14D,CLOSE,0.13
OG_SYNTHETIC_TICKER,EURLIBORP1M,CLOSE,0.138
OG_SYNTHETIC_TICKER,EURLIBORP2M,CLOSE,0.14
OG_SYNTHETIC_TICKER,EURLIBORP3M,CLOSE,1.55
OG_SYNTHETIC_TICKER,EURLIBORP6M,CLOSE,1.793
OG_SYNTHETIC_TICKER,EURLIBORP12M,CLOSE,2.16
OG_SYNTHETIC_TICKER,GBPLIBORP7D,CLOSE,0.13
OG_SYNTHETIC_TICKER,GBPLIBORP14D,CLOSE,0.2
OG_SYNTHETIC_TICKER,GBPLIBORP1M,CLOSE,0.238
OG_SYNTHETIC_TICKER,GBPLIBORP2M,CLOSE,0.5
OG_SYNTHETIC_TICKER,GBPLIBORP3M,CLOSE,0.834
OG_SYNTHETIC_TICKER,GBPLIBORP6M,CLOSE,1.19
OG_SYNTHETIC_TICKER,GBPLIBORP12M,CLOSE,1.593
OG_SYNTHETIC_TICKER,CHFLIBORP7D,CLOSE,0.11
OG_SYNTHETIC_TICKER,CHFLIBORP14D,CLOSE,0.12
OG_SYNTHETIC_TICKER,CHFLIBORP1M,CLOSE,0.13
OG_SYNTHETIC_TICKER,CHFLIBORP2M,CLOSE,0.135
OG_SYNTHETIC_TICKER,CHFLIBORP3M,CLOSE,0.138
OG_SYNTHETIC_TICKER,CHFLIBORP6M,CLOSE,0.24
OG_SYNTHETIC_TICKER,CHFLIBORP12M,CLOSE,0.5
OG_SYNTHETIC_TICKER,JPYLIBORP7D,CLOSE,0.12
OG_SYNTHETIC_TICKER,JPYLIBORP14D,CLOSE,0.13
OG_SYNTHETIC_TICKER,JPYLIBORP1M,CLOSE,0.138
OG_SYNTHETIC_TICKER,JPYLIBORP2M,CLOSE,0.17
OG_SYNTHETIC_TICKER,JPYLIBORP3M,CLOSE,0.195
OG_SYNTHETIC_TICKER,JPYLIBORP6M,CLOSE,0.34
OG_SYNTHETIC_TICKER,JPYLIBORP12M,CLOSE,0.559
OG_SYNTHETIC_TICKER,NZDLIBORP3M,CLOSE,2.878
OG_SYNTHETIC_TICKER,NZDLIBORP6M,CLOSE,3.124
OG_SYNTHETIC_TICKER,NZDLIBORP12M,CLOSE,3.542
OG_SYNTHETIC_TICKER,DKKLIBORP3M,CLOSE,1.006
OG_SYNTHETIC_TICKER,DKKLIBORP6M,CLOSE,1.262
OG_SYNTHETIC_TICKER,DKKLIBORP12M,CLOSE,1.511
OG_SYNTHETIC_TICKER,AUDLIBORP7D,CLOSE,0.3
OG_SYNTHETIC_TICKER,AUDLIBORP14D,CLOSE,0.32
OG_SYNTHETIC_TICKER,AUDLIBORP1M,CLOSE,0.34
OG_SYNTHETIC_TICKER,AUDLIBORP2M,CLOSE,0.44
OG_SYNTHETIC_TICKER,AUDLIBORP3M,CLOSE,0.55
OG_SYNTHETIC_TICKER,AUDLIBORP6M,CLOSE,0.82
OG_SYNTHETIC_TICKER,AUDLIBORP12M,CLOSE,1.67
#Euribor,,,
OG_SYNTHETIC_TICKER,EUREURIBORP7D,CLOSE,0.12
OG_SYNTHETIC_TICKER,EUREURIBORP14D,CLOSE,0.13
OG_SYNTHETIC_TICKER,EUREURIBORP1M,CLOSE,0.138
OG_SYNTHETIC_TICKER,EUREURIBORP2M,CLOSE,0.14
OG_SYNTHETIC_TICKER,EUREURIBORP3M,CLOSE,1.55
OG_SYNTHETIC_TICKER,EUREURIBORP6M,CLOSE,1.793
OG_SYNTHETIC_TICKER,EUREURIBORP12M,CLOSE,2.16
#OIS,,,
OG_SYNTHETIC_TICKER,USDOIS_SWAPP1M,CLOSE,0.27
OG_SYNTHETIC_TICKER,USDOIS_SWAPP2M,CLOSE,0.27
OG_SYNTHETIC_TICKER,USDOIS_SWAPP3M,CLOSE,0.26
OG_SYNTHETIC_TICKER,USDOIS_SWAPP4M,CLOSE,0.27
OG_SYNTHETIC_TICKER,USDOIS_SWAPP5M,CLOSE,0.3
OG_SYNTHETIC_TICKER,USDOIS_SWAPP6M,CLOSE,0.3
OG_SYNTHETIC_TICKER,USDOIS_SWAPP9M,CLOSE,0.31
OG_SYNTHETIC_TICKER,USDOIS_SWAPP1Y,CLOSE,0.32
OG_SYNTHETIC_TICKER,USDOIS_SWAPP2Y,CLOSE,0.35
OG_SYNTHETIC_TICKER,USDOIS_SWAPP3Y,CLOSE,0.45
OG_SYNTHETIC_TICKER,USDOIS_SWAPP4Y,CLOSE,0.75
OG_SYNTHETIC_TICKER,USDOIS_SWAPP5Y,CLOSE,1.0
OG_SYNTHETIC_TICKER,USDOIS_SWAPP10Y,CLOSE,1.5
OG_SYNTHETIC_TICKER,EUROIS_SWAPP1M,CLOSE,0.27
OG_SYNTHETIC_TICKER,EUROIS_SWAPP2M,CLOSE,0.27
OG_SYNTHETIC_TICKER,EUROIS_SWAPP3M,CLOSE,0.26
OG_SYNTHETIC_TICKER,EUROIS_SWAPP4M,CLOSE,0.27
OG_SYNTHETIC_TICKER,EUROIS_SWAPP5M,CLOSE,0.3
OG_SYNTHETIC_TICKER,EUROIS_SWAPP6M,CLOSE,0.3
OG_SYNTHETIC_TICKER,EUROIS_SWAPP9M,CLOSE,0.31
OG_SYNTHETIC_TICKER,EUROIS_SWAPP1Y,CLOSE,0.32
OG_SYNTHETIC_TICKER,EUROIS_SWAPP2Y,CLOSE,0.35
OG_SYNTHETIC_TICKER,EUROIS_SWAPP3Y,CLOSE,0.45
OG_SYNTHETIC_TICKER,EUROIS_SWAPP4Y,CLOSE,0.75
OG_SYNTHETIC_TICKER,EUROIS_SWAPP5Y,CLOSE,1.0
OG_SYNTHETIC_TICKER,EUROIS_SWAPP10Y,CLOSE,1.5
OG_SYNTHETIC_TICKER,CHFOIS_SWAPP1M,CLOSE,0.27
OG_SYNTHETIC_TICKER,CHFOIS_SWAPP2M,CLOSE,0.27
OG_SYNTHETIC_TICKER,CHFOIS_SWAPP3M,CLOSE,0.26
OG_SYNTHETIC_TICKER,CHFOIS_SWAPP4M,CLOSE,0.27
OG_SYNTHETIC_TICKER,CHFOIS_SWAPP5M,CLOSE,0.3
OG_SYNTHETIC_TICKER,CHFOIS_SWAPP6M,CLOSE,0.3
OG_SYNTHETIC_TICKER,CHFOIS_SWAPP9M,CLOSE,0.31
OG_SYNTHETIC_TICKER,CHFOIS_SWAPP1Y,CLOSE,0.32
OG_SYNTHETIC_TICKER,CHFOIS_SWAPP2Y,CLOSE,0.35
OG_SYNTHETIC_TICKER,CHFOIS_SWAPP3Y,CLOSE,0.45
OG_SYNTHETIC_TICKER,CHFOIS_SWAPP4Y,CLOSE,0.75
OG_SYNTHETIC_TICKER,CHFOIS_SWAPP5Y,CLOSE,1.0
OG_SYNTHETIC_TICKER,CHFOIS_SWAPP10Y,CLOSE,1.5
OG_SYNTHETIC_TICKER,JPYOIS_SWAPP1M,CLOSE,0.27
OG_SYNTHETIC_TICKER,JPYOIS_SWAPP2M,CLOSE,0.27
OG_SYNTHETIC_TICKER,JPYOIS_SWAPP3M,CLOSE,0.26
OG_SYNTHETIC_TICKER,JPYOIS_SWAPP4M,CLOSE,0.27
OG_SYNTHETIC_TICKER,JPYOIS_SWAPP5M,CLOSE,0.3
OG_SYNTHETIC_TICKER,JPYOIS_SWAPP6M,CLOSE,0.3
OG_SYNTHETIC_TICKER,JPYOIS_SWAPP9M,CLOSE,0.31
OG_SYNTHETIC_TICKER,JPYOIS_SWAPP1Y,CLOSE,0.32
OG_SYNTHETIC_TICKER,JPYOIS_SWAPP2Y,CLOSE,0.35
OG_SYNTHETIC_TICKER,JPYOIS_SWAPP3Y,CLOSE,0.45
OG_SYNTHETIC_TICKER,JPYOIS_SWAPP4Y,CLOSE,0.75
OG_SYNTHETIC_TICKER,JPYOIS_SWAPP5Y,CLOSE,1.0
OG_SYNTHETIC_TICKER,JPYOIS_SWAPP10Y,CLOSE,1.5
OG_SYNTHETIC_TICKER,GBPOIS_SWAPP1M,CLOSE,0.27
OG_SYNTHETIC_TICKER,GBPOIS_SWAPP2M,CLOSE,0.27
OG_SYNTHETIC_TICKER,GBPOIS_SWAPP3M,CLOSE,0.26
OG_SYNTHETIC_TICKER,GBPOIS_SWAPP4M,CLOSE,0.27
OG_SYNTHETIC_TICKER,GBPOIS_SWAPP5M,CLOSE,0.3
OG_SYNTHETIC_TICKER,GBPOIS_SWAPP6M,CLOSE,0.3
OG_SYNTHETIC_TICKER,GBPOIS_SWAPP9M,CLOSE,0.31
OG_SYNTHETIC_TICKER,GBPOIS_SWAPP1Y,CLOSE,0.32
OG_SYNTHETIC_TICKER,GBPOIS_SWAPP2Y,CLOSE,0.35
OG_SYNTHETIC_TICKER,GBPOIS_SWAPP3Y,CLOSE,0.45
OG_SYNTHETIC_TICKER,GBPOIS_SWAPP4Y,CLOSE,0.75
OG_SYNTHETIC_TICKER,GBPOIS_SWAPP5Y,CLOSE,1.0
OG_SYNTHETIC_TICKER,GBPOIS_SWAPP10Y,CLOSE,1.5
OG_SYNTHETIC_TICKER,AUDOIS_SWAPP1M,CLOSE,0.27
OG_SYNTHETIC_TICKER,AUDOIS_SWAPP2M,CLOSE,0.27
OG_SYNTHETIC_TICKER,AUDOIS_SWAPP3M,CLOSE,0.26
OG_SYNTHETIC_TICKER,AUDOIS_SWAPP4M,CLOSE,0.27
OG_SYNTHETIC_TICKER,AUDOIS_SWAPP5M,CLOSE,0.3
OG_SYNTHETIC_TICKER,AUDOIS_SWAPP6M,CLOSE,0.3
OG_SYNTHETIC_TICKER,AUDOIS_SWAPP9M,CLOSE,0.31
OG_SYNTHETIC_TICKER,AUDOIS_SWAPP1Y,CLOSE,0.32
OG_SYNTHETIC_TICKER,AUDOIS_SWAPP2Y,CLOSE,0.35
OG_SYNTHETIC_TICKER,AUDOIS_SWAPP3Y,CLOSE,0.45
OG_SYNTHETIC_TICKER,AUDOIS_SWAPP4Y,CLOSE,0.75
OG_SYNTHETIC_TICKER,AUDOIS_SWAPP5Y,CLOSE,1.0
OG_SYNTHETIC_TICKER,AUDOIS_SWAPP10Y,CLOSE,1.5
#FRA,,,
OG_SYNTHETIC_TICKER,USDFRAP6M,CLOSE,0.55
OG_SYNTHETIC_TICKER,USDFRAP9M,CLOSE,0.6
OG_SYNTHETIC_TICKER,EURFRAP6M,CLOSE,0.55
OG_SYNTHETIC_TICKER,EURFRAP9M,CLOSE,0.6
OG_SYNTHETIC_TICKER,EURFRAP12M,CLOSE,0.69
OG_SYNTHETIC_TICKER,CHFFRAP6M,CLOSE,0.55
OG_SYNTHETIC_TICKER,CHFFRAP9M,CLOSE,0.6
OG_SYNTHETIC_TICKER,GBPFRAP6M,CLOSE,0.55
OG_SYNTHETIC_TICKER,GBPFRAP9M,CLOSE,0.6
OG_SYNTHETIC_TICKER,JPYFRAP6M,CLOSE,0.55
OG_SYNTHETIC_TICKER,JPYFRAP9M,CLOSE,0.6
#Overnight,,,
OG_SYNTHETIC_TICKER,USDFF,CLOSE,0.25
OG_SYNTHETIC_TICKER,EONIA,CLOSE,0.125
OG_SYNTHETIC_TICKER,USDOVERNIGHT,CLOSE,0.0025
OG_SYNTHETIC_TICKER,EUROVERNIGHT,CLOSE,0.00125
OG_SYNTHETIC_TICKER,SONIO,CLOSE,0.3
OG_SYNTHETIC_TICKER,TONAR,CLOSE,0.1
OG_SYNTHETIC_TICKER,TOISTOIS,CLOSE,0.01
OG_SYNTHETIC_TICKER,AUDON,CLOSE,0.2
#Basis Swaps,,,
OG_SYNTHETIC_TICKER,AUDBASIS_SWAP_BBSWP3MBBSWP6M_P1Y,CLOSE,0.1
OG_SYNTHETIC_TICKER,AUDBASIS_SWAP_BBSWP3MBBSWP6M_P2Y,CLOSE,0.1
OG_SYNTHETIC_TICKER,AUDBASIS_SWAP_BBSWP3MBBSWP6M_P3Y,CLOSE,0.1
OG_SYNTHETIC_TICKER,AUDBASIS_SWAP_BBSWP3MBBSWP6M_P4Y,CLOSE,0.1
OG_SYNTHETIC_TICKER,AUDBASIS_SWAP_BBSWP3MBBSWP6M_P5Y,CLOSE,0.1
OG_SYNTHETIC_TICKER,AUDBASIS_SWAP_BBSWP3MBBSWP6M_P6Y,CLOSE,0.1
OG_SYNTHETIC_TICKER,AUDBASIS_SWAP_BBSWP3MBBSWP6M_P7Y,CLOSE,0.1
OG_SYNTHETIC_TICKER,AUDBASIS_SWAP_BBSWP3MBBSWP6M_P8Y,CLOSE,0.1
OG_SYNTHETIC_TICKER,AUDBASIS_SWAP_BBSWP3MBBSWP6M_P9Y,CLOSE,0.1
OG_SYNTHETIC_TICKER,AUDBASIS_SWAP_BBSWP3MBBSWP6M_P10Y,CLOSE,0.1
#Fixing,,,
OG_SYNTHETIC_TICKER,USDISDA10P1Y,CLOSE,1.4
OG_SYNTHETIC_TICKER,USDISDA10P2Y,CLOSE,2.5
OG_SYNTHETIC_TICKER,USDISDA10P3Y,CLOSE,3.1
OG_SYNTHETIC_TICKER,USDISDA10P4Y,CLOSE,3.5
OG_SYNTHETIC_TICKER,USDISDA10P5Y,CLOSE,3.7
OG_SYNTHETIC_TICKER,USDISDA10P6Y,CLOSE,3.9
OG_SYNTHETIC_TICKER,USDISDA10P7Y,CLOSE,4
OG_SYNTHETIC_TICKER,USDISDA10P8Y,CLOSE,4.1
OG_SYNTHETIC_TICKER,USDISDA10P9Y,CLOSE,4.08
OG_SYNTHETIC_TICKER,USDISDA10P10Y,CLOSE,4.06
OG_SYNTHETIC_TICKER,USDISDA10P12Y,CLOSE,3.98
OG_SYNTHETIC_TICKER,USDISDA10P15Y,CLOSE,3.94
OG_SYNTHETIC_TICKER,USDISDA10P20Y,CLOSE,3.91
OG_SYNTHETIC_TICKER,USDISDA10P25Y,CLOSE,3.89
OG_SYNTHETIC_TICKER,USDISDA10P30Y,CLOSE,3.87
OG_SYNTHETIC_TICKER,USDISDA10P40Y,CLOSE,3.84
OG_SYNTHETIC_TICKER,USDISDA10P50Y,CLOSE,3.79
OG_SYNTHETIC_TICKER,USDISDA10P80Y,CLOSE,3.79
OG_SYNTHETIC_TICKER,AUDBBP6M,CLOSE,1
OG_SYNTHETIC_TICKER,AUDBBP3M,CLOSE,1
# FX,,,
OG_SYNTHETIC_TICKER,USDJPY,CLOSE,80
OG_SYNTHETIC_TICKER,EURUSD,CLOSE,1.327
OG_SYNTHETIC_TICKER,USDCHF,CLOSE,0.84
OG_SYNTHETIC_TICKER,GBPUSD,CLOSE,1.588
#Index,,,
OG_SYNTHETIC_TICKER,SPX,CLOSE,1300.67
# Future,,,
OG_SYNTHETIC_TICKER,TF/14M,CLOSE,1008.05
OG_SYNTHETIC_TICKER,TF/14U,CLOSE,995.05
OG_SYNTHETIC_TICKER,ES/14M,CLOSE,1640.75
OG_SYNTHETIC_TICKER,ES/14U,CLOSE,1630.06
OG_SYNTHETIC_TICKER,ES/14Z,CLOSE,1605.04
OG_SYNTHETIC_TICKER,SP/14M,CLOSE,1622.50
OG_SYNTHETIC_TICKER,SP/14U,CLOSE,1500.50
#EURIBOR Futures,,,
OG_SYNTHETIC_TICKER,ERH13,CLOSE,99.95
OG_SYNTHETIC_TICKER,ERM13,CLOSE,99.93
OG_SYNTHETIC_TICKER,ERU13,CLOSE,99.91
OG_SYNTHETIC_TICKER,ERZ13,CLOSE,99.9
OG_SYNTHETIC_TICKER,ERH14,CLOSE,99.89
OG_SYNTHETIC_TICKER,ERM14,CLOSE,99.88
OG_SYNTHETIC_TICKER,ERU14,CLOSE,99.879
OG_SYNTHETIC_TICKER,ERZ14,CLOSE,99.876
OG_SYNTHETIC_TICKER,ERH15,CLOSE,99.845
OG_SYNTHETIC_TICKER,ERM15,CLOSE,99.81
OG_SYNTHETIC_TICKER,ERU15,CLOSE,99.805
OG_SYNTHETIC_TICKER,ERZ15,CLOSE,99.8
OG_SYNTHETIC_TICKER,ERH16,CLOSE,98.89
OG_SYNTHETIC_TICKER,ERM16,CLOSE,98.86
OG_SYNTHETIC_TICKER,ERU16,CLOSE,98.855
OG_SYNTHETIC_TICKER,ERZ16,CLOSE,98.847
OG_SYNTHETIC_TICKER,ERH17,CLOSE,98.834
OG_SYNTHETIC_TICKER,ERM17,CLOSE,98.813
OG_SYNTHETIC_TICKER,ERU17,CLOSE,98.806
OG_SYNTHETIC_TICKER,ERZ17,CLOSE,98.801
OG_SYNTHETIC_TICKER,ERH18,CLOSE,98.8
OG_SYNTHETIC_TICKER,ERM18,CLOSE,98.5
OG_SYNTHETIC_TICKER,ERU18,CLOSE,98.3
OG_SYNTHETIC_TICKER,ERZ18,CLOSE,98.25
OG_SYNTHETIC_TICKER,ERH19,CLOSE,98.178
OG_SYNTHETIC_TICKER,ERM19,CLOSE,98.145
OG_SYNTHETIC_TICKER,ERU19,CLOSE,98.132
OG_SYNTHETIC_TICKER,ERZ19,CLOSE,98.129
OG_SYNTHETIC_TICKER,ERH20,CLOSE,98.124
OG_SYNTHETIC_TICKER,ERM20,CLOSE,98.115
OG_SYNTHETIC_TICKER,ERU20,CLOSE,98.111
OG_SYNTHETIC_TICKER,ERZ20,CLOSE,98.106
OG_SYNTHETIC_TICKER,ERH21,CLOSE,98.1
OG_SYNTHETIC_TICKER,ERM21,CLOSE,98.04
OG_SYNTHETIC_TICKER,ERU21,CLOSE,98.01
OG_SYNTHETIC_TICKER,ERZ21,CLOSE,97.97
OG_SYNTHETIC_TICKER,ERH22,CLOSE,97.92
OG_SYNTHETIC_TICKER,ERM22,CLOSE,97.84
OG_SYNTHETIC_TICKER,ERU22,CLOSE,97.64
OG_SYNTHETIC_TICKER,ERZ22,CLOSE,97.45
OG_SYNTHETIC_TICKER,ERH23,CLOSE,97.25
OG_SYNTHETIC_TICKER,ERM23,CLOSE,97.11
OG_SYNTHETIC_TICKER,ERU23,CLOSE,97.04
#Uganda ISINs,,,
OG_SYNTHETIC_TICKER,US0000000012,CLOSE,0.04
OG_SYNTHETIC_TICKER,US0000000018,CLOSE,0.044
OG_SYNTHETIC_TICKER,US0000000024,CLOSE,0.047
OG_SYNTHETIC_TICKER,US0000000030,CLOSE,0.049
OG_SYNTHETIC_TICKER,US0000000036,CLOSE,0.050
OG_SYNTHETIC_TICKER,US0000000042,CLOSE,0.051
OG_SYNTHETIC_TICKER,US0000000048,CLOSE,0.053
OG_SYNTHETIC_TICKER,US0000000054,CLOSE,0.056
OG_SYNTHETIC_TICKER,US0000000060,CLOSE,0.060
OG_SYNTHETIC_TICKER,US0000000066,CLOSE,0.066
OG_SYNTHETIC_TICKER,US0000000072,CLOSE,0.069
OG_SYNTHETIC_TICKER,US0000000078,CLOSE,0.071
OG_SYNTHETIC_TICKER,US0000000084,CLOSE,0.073
OG_SYNTHETIC_TICKER,US0000000090,CLOSE,0.074
OG_SYNTHETIC_TICKER,US0000000096,CLOSE,0.078
OG_SYNTHETIC_TICKER,US0000000102,CLOSE,0.080
OG_SYNTHETIC_TICKER,US0000000108,CLOSE,0.086
OG_SYNTHETIC_TICKER,US0000000114,CLOSE,0.096
OG_SYNTHETIC_TICKER,US0000000120,CLOSE,0.10
OG_SYNTHETIC_TICKER,US0000000126,CLOSE,0.11

